-- phpMyAdmin SQL Dump
-- version 5.1.1
-- https://www.phpmyadmin.net/
--
-- Host: localhost:3306
-- Generation Time: Apr 17, 2022 at 03:39 AM
-- Server version: 5.7.33
-- PHP Version: 7.4.19

SET SQL_MODE = "NO_AUTO_VALUE_ON_ZERO";
START TRANSACTION;
SET time_zone = "+00:00";


/*!40101 SET @OLD_CHARACTER_SET_CLIENT=@@CHARACTER_SET_CLIENT */;
/*!40101 SET @OLD_CHARACTER_SET_RESULTS=@@CHARACTER_SET_RESULTS */;
/*!40101 SET @OLD_COLLATION_CONNECTION=@@COLLATION_CONNECTION */;
/*!40101 SET NAMES utf8mb4 */;

--
-- Database: `db_perubahan`
--

-- --------------------------------------------------------

--
-- Table structure for table `tb_desa`
--

CREATE TABLE `tb_desa` (
  `idDesa` int(11) NOT NULL,
  `idKecamatan` int(11) NOT NULL,
  `namaDesa` varchar(50) NOT NULL
) ENGINE=InnoDB DEFAULT CHARSET=latin1;

--
-- Dumping data for table `tb_desa`
--

INSERT INTO `tb_desa` (`idDesa`, `idKecamatan`, `namaDesa`) VALUES
(1, 1, 'Banjarejo'),
(2, 1, 'Bendoharjo'),
(3, 1, 'Gabus'),
(4, 1, 'Kalipang'),
(5, 1, 'Karangrejo'),
(6, 1, 'Keyongan'),
(7, 1, 'Nglinduk'),
(8, 1, 'Pandanharum'),
(9, 1, 'Pelem'),
(10, 1, 'Sulursari'),
(11, 1, 'Suwatu'),
(12, 1, 'Tahunan'),
(13, 1, 'Tlogotirto'),
(14, 1, 'Tunggulrejo'),
(15, 2, 'Bandungsari'),
(16, 2, 'Belor'),
(17, 2, 'Kalangdosari'),
(18, 2, 'Kalanglundo'),
(19, 2, 'Ngaraparap'),
(20, 2, 'Ngaringan'),
(21, 2, 'Pendem'),
(22, 2, 'Sarirejo'),
(23, 2, 'Sendangrejo'),
(24, 2, 'Sumberagung'),
(25, 2, 'Tanjungharjo'),
(26, 2, 'Truwolu'),
(27, 3, 'Cangkring'),
(28, 3, 'Curug'),
(29, 3, 'Gaji'),
(30, 3, 'Gebangan'),
(31, 3, 'Karangpasar'),
(32, 3, 'Kebonagung'),
(33, 3, 'Kedungwungu'),
(34, 3, 'Kejawan'),
(35, 3, 'Mangunsari'),
(36, 3, 'Medani'),
(37, 3, 'Pepe'),
(38, 3, 'Sukorejo'),
(39, 3, 'Tajemsari'),
(40, 3, 'Tanggirejo'),
(41, 3, 'Tegowanu Kulon'),
(42, 3, 'Tegowanu Wetan'),
(43, 3, 'Tlogorejo'),
(44, 3, 'Tunjungharjo'),
(45, 4, 'Brabo'),
(46, 4, 'Kaliwenang'),
(47, 4, 'Kapung'),
(48, 4, 'Mrisi'),
(49, 4, 'Ngambakrejo'),
(50, 4, 'Padang'),
(51, 4, 'Ringinpitu'),
(52, 4, 'Sugihmanik'),
(53, 4, 'Tanggungharjo'),
(54, 5, 'Deras'),
(55, 5, 'Jumo'),
(56, 5, 'Kalimaro'),
(57, 5, 'Karanglangu'),
(58, 5, 'Kedungjati'),
(59, 5, 'Kentengsari'),
(60, 5, 'Klitikan'),
(61, 5, 'Ngombak'),
(62, 5, 'Padas'),
(63, 5, 'Panimbo'),
(64, 5, 'Prigi'),
(65, 5, 'Wates'),
(66, 6, 'Cekel'),
(67, 6, 'Dempel'),
(68, 6, 'Gunung Tumpeng'),
(69, 6, 'Jetis'),
(70, 6, 'Karanganyar'),
(71, 6, 'Karangsono'),
(72, 6, 'Ketro'),
(73, 6, 'Mangin'),
(74, 6, 'Mojoagung'),
(75, 6, 'Nampu'),
(76, 6, 'Pangkalan'),
(77, 6, 'Parakan'),
(78, 6, 'Putatnganten'),
(79, 6, 'Rawoh'),
(80, 6, 'Sendangharjo'),
(81, 6, 'Sumberejosari'),
(82, 6, 'Telawah'),
(83, 6, 'Temurejo'),
(84, 6, 'Termas'),
(85, 7, 'Dapurno'),
(86, 7, 'Dokoro'),
(87, 7, 'Gedangan'),
(88, 7, 'Kalirejo'),
(89, 7, 'Karangasem'),
(90, 7, 'Kropak'),
(91, 7, 'Kunden'),
(92, 7, 'Mojorebo'),
(93, 7, 'Sambirejo'),
(94, 7, 'Tambahrejo'),
(95, 7, 'Tambakselo'),
(96, 7, 'Tanjungrejo'),
(97, 7, 'Tegalrejo'),
(98, 7, 'Wirosari'),
(99, 8, 'Bago'),
(100, 8, 'Banjardowo'),
(101, 8, 'Banjarsari'),
(102, 8, 'Crewek'),
(103, 8, 'Grabagan'),
(104, 8, 'Kalisari'),
(105, 8, 'Kradenan'),
(106, 8, 'Kuwu'),
(107, 8, 'Pakis'),
(108, 8, 'Rejosari'),
(109, 8, 'Sambongbangi'),
(110, 8, 'Sengonwetan'),
(111, 8, 'Simo'),
(112, 8, 'Tanjungsari'),
(113, 9, 'Jambon'),
(114, 9, 'Jatiharjo'),
(115, 9, 'Jetaksari'),
(116, 9, 'Karangharjo'),
(117, 9, 'Mangunrejo'),
(118, 9, 'Mlowokarangtalun'),
(119, 9, 'Panunggalan'),
(120, 9, 'Pojok'),
(121, 9, 'Pulokulon'),
(122, 9, 'Randurejo'),
(123, 9, 'Sembungharjo'),
(124, 9, 'Sidorejo'),
(125, 9, 'Tuko'),
(126, 10, 'Baturagung'),
(127, 10, 'Gelapan'),
(128, 10, 'Ginggangtani'),
(129, 10, 'Gubug'),
(130, 10, 'Jatipecaron'),
(131, 10, 'Jeketro'),
(132, 10, 'Kemiri'),
(133, 10, 'Kunjeng'),
(134, 10, 'Kuwaron'),
(135, 10, 'Mlilir'),
(136, 10, 'Ngroto'),
(137, 10, 'Papanrejo'),
(138, 10, 'Penadaran'),
(139, 10, 'Pranten'),
(140, 10, 'Ringinharjo'),
(141, 10, 'Ringinkidul'),
(142, 10, 'Rowosari'),
(143, 10, 'Saban'),
(144, 10, 'Tambakan'),
(145, 10, 'Tlogomulyo'),
(146, 10, 'Trisari'),
(147, 11, 'Asemrudung'),
(148, 11, 'Bangsri'),
(149, 11, 'Geyer'),
(150, 11, 'Jambangan'),
(151, 11, 'Juworo'),
(152, 11, 'Kalangbancar'),
(153, 11, 'Karang Anyar'),
(154, 11, 'Ledokdawan'),
(155, 11, 'Monggot'),
(156, 11, 'Ngrandu'),
(157, 11, 'Rambat'),
(158, 11, 'Sobo'),
(159, 11, 'Suru'),
(160, 12, 'Jenengan'),
(161, 12, 'Kandangrejo'),
(162, 12, 'Klambu'),
(163, 12, 'Menawan'),
(164, 12, 'Penganten'),
(165, 12, 'Selojari'),
(166, 12, 'Taruman'),
(167, 12, 'Terkesi'),
(168, 12, 'Wandankemiri'),
(169, 13, 'Anggaswangi'),
(170, 13, 'Bringin'),
(171, 13, 'Bugel'),
(172, 13, 'Dorolegi'),
(173, 13, 'Godong'),
(174, 13, 'Guci'),
(175, 13, 'Gundi'),
(176, 13, 'Guyangan'),
(177, 13, 'Harjowinangun'),
(178, 13, 'Jatilor'),
(179, 13, 'Karanggeneng'),
(180, 13, 'Kemloko'),
(181, 13, 'Ketangirejo'),
(182, 13, 'Ketitang'),
(183, 13, 'Klampok'),
(184, 13, 'Kopek'),
(185, 13, 'Latak'),
(186, 13, 'Manggarmas'),
(187, 13, 'Manggarwetan'),
(188, 13, 'Pahesan'),
(189, 13, 'Rajek'),
(190, 13, 'Sambung'),
(191, 13, 'Sumberagung'),
(192, 13, 'Sumurgede'),
(193, 13, 'Tinanding'),
(194, 13, 'Tungu'),
(195, 13, 'Wanutunggal'),
(196, 13, 'Werdoyo'),
(197, 14, 'Purwodadi'),
(198, 14, 'Kuripan'),
(199, 14, 'Danyang'),
(200, 14, 'Candisari'),
(201, 14, 'Cingkrong'),
(202, 14, 'Genuksuran'),
(203, 14, 'Kalongan'),
(204, 14, 'Kandangan'),
(205, 14, 'Karanganyar'),
(206, 14, 'Kedungrejo'),
(207, 14, 'Nambuhan'),
(208, 14, 'Ngembak'),
(209, 14, 'Nglobar'),
(210, 14, 'Ngraji'),
(211, 14, 'Pulorejo'),
(212, 14, 'Putat'),
(213, 14, 'Warukaranganyar'),
(214, 15, 'Godan'),
(215, 15, 'Jono'),
(216, 15, 'Kemaduhbatur'),
(217, 15, 'Mayahan'),
(218, 15, 'Plosorejo'),
(219, 15, 'Pojok'),
(220, 15, 'Pulongrambe'),
(221, 15, 'Selo'),
(222, 15, 'Tarub'),
(223, 15, 'Tawangharjo'),
(224, 16, 'Getasrejo'),
(225, 16, 'Grobogan'),
(226, 16, 'Karangrejo'),
(227, 16, 'Lebak'),
(228, 16, 'Lebengjumuk'),
(229, 16, 'Ngabenrejo'),
(230, 16, 'Putatsari'),
(231, 16, 'Rejosari'),
(232, 16, 'Sedayu'),
(233, 16, 'Sumber Jatipohon'),
(234, 16, 'Tanggungharjo'),
(235, 16, 'Teguhan'),
(236, 17, 'Bandungharjo'),
(237, 17, 'Boloh'),
(238, 17, 'Depok'),
(239, 17, 'Dimoro'),
(240, 17, 'Genengadal'),
(241, 17, 'Genengsari'),
(242, 17, 'Katong'),
(243, 17, 'Kenteng'),
(244, 17, 'Krangganharjo'),
(245, 17, 'Ngrandah'),
(246, 17, 'Pilangpayung'),
(247, 17, 'Plosoharjo'),
(248, 17, 'Sindurejo'),
(249, 17, 'Sugihan'),
(250, 17, 'Tambirejo'),
(251, 17, 'Tunggak'),
(252, 18, 'Jangkungharjo'),
(253, 18, 'Karangsari'),
(254, 18, 'Katekan'),
(255, 18, 'Kronggen'),
(256, 18, 'Lemahputih'),
(257, 18, 'Menduran'),
(258, 18, 'Tegalsumur'),
(259, 18, 'Temon'),
(260, 18, 'Tirem'),
(261, 19, 'Bologarang'),
(262, 19, 'Curut'),
(263, 19, 'Jipang'),
(264, 19, 'Karangwader'),
(265, 19, 'Karangpaing'),
(266, 19, 'Kluwan'),
(267, 19, 'Kramat'),
(268, 19, 'Lajer'),
(269, 19, 'Leyangan'),
(270, 19, 'Ngeluk'),
(271, 19, 'Penawangan'),
(272, 19, 'Pengkol'),
(273, 19, 'Pulutan'),
(274, 19, 'Sedadi'),
(275, 19, 'Toko'),
(276, 19, 'Tunggu'),
(277, 19, 'Watu Pawon'),
(278, 19, 'Wedoro'),
(279, 19, 'Winong'),
(280, 19, 'Wolo');

-- --------------------------------------------------------

--
-- Table structure for table `tb_kecamatan`
--

CREATE TABLE `tb_kecamatan` (
  `idKecamatan` int(11) NOT NULL,
  `namaKecamatan` varchar(35) NOT NULL,
  `jarak` varchar(10) NOT NULL
) ENGINE=InnoDB DEFAULT CHARSET=latin1;

--
-- Dumping data for table `tb_kecamatan`
--

INSERT INTO `tb_kecamatan` (`idKecamatan`, `namaKecamatan`, `jarak`) VALUES
(1, 'Gabus', 'JAUH'),
(2, 'Ngaringan', 'JAUH'),
(3, 'Tegowanu', 'JAUH'),
(4, 'Tanggungharjo', 'JAUH'),
(5, 'Kedungjati', 'JAUH'),
(6, 'Karangrayung', 'JAUH'),
(7, 'Wirosari', 'SEDANG'),
(8, 'Kradenan', 'SEDANG'),
(9, 'Pulokulon', 'SEDANG'),
(10, 'Gubug', 'SEDANG'),
(11, 'Geyer', 'SEDANG'),
(12, 'Klambu', 'SEDANG'),
(13, 'Godong', 'SEDANG'),
(14, 'Purwodadi', 'DEKAT'),
(15, 'Tawangharjo', 'DEKAT'),
(16, 'Grobogan', 'DEKAT'),
(17, 'Toroh', 'DEKAT'),
(18, 'Brati', 'DEKAT'),
(19, 'Penawangan', 'DEKAT');

-- --------------------------------------------------------

--
-- Table structure for table `tb_menara`
--

CREATE TABLE `tb_menara` (
  `idMenara` int(11) NOT NULL,
  `namaMenara` varchar(150) NOT NULL,
  `alamatMenara` varchar(350) NOT NULL,
  `idDesa` int(11) NOT NULL,
  `tinggiMenara` double NOT NULL,
  `jenisMenara` varchar(20) NOT NULL,
  `zonasi` varchar(75) NOT NULL,
  `pole` varchar(13) NOT NULL,
  `tarifRetribusi` double NOT NULL
) ENGINE=InnoDB DEFAULT CHARSET=latin1;

--
-- Dumping data for table `tb_menara`
--

INSERT INTO `tb_menara` (`idMenara`, `namaMenara`, `alamatMenara`, `idDesa`, `tinggiMenara`, `jenisMenara`, `zonasi`, `pole`, `tarifRetribusi`) VALUES
(12, 'menara ad', 'Jl Thamrin', 0, 45, 'Menara Tunggal', 'Perkotaan', '', 8775000),
(14, 'PT. INDOSAT Tbk', 'Grasak RT.2 RW.4', 99, 72, 'Menara Tunggal', 'Perdesaan', 'Menara 4 Kaki', 1701150),
(15, 'PT. INDOSAT Tbk', 'Jl. Purwodadi - Kudus KM 16 RT.01 RW.05', 162, 72, 'Menara Tunggal', 'Perdesaan', 'Menara 4 Kaki', 1701150),
(16, 'PT. INDOSAT Tbk', 'Jl. Pandanharum Ampel', 8, 72, 'Menara Tunggal', 'Perdesaan', 'Menara 4 Kaki', 1701150),
(17, 'PT. INDOSAT Tbk', 'Kronggen RT.01 RW.01', 255, 72, 'Menara Bersama', 'Perdesaan', 'Menara 4 Kaki', 1701150),
(18, 'PT. INDOSAT Tbk', 'Dusun Singgot RT.01 RW.10', 113, 72, 'Menara Tunggal', 'Perdesaan', 'Menara 4 Kaki', 1701150),
(19, 'PT. INDOSAT Tbk', 'Jl. Nangka RT.02 RW.01', 131, 72, 'Menara Bersama', 'Perdesaan', 'Menara 4 Kaki', 1701150),
(20, 'PT. INDOSAT Tbk', 'Dusun Pojok RT.01 RW.6', 214, 72, 'Menara Bersama', 'Perdesaan', 'Menara 4 Kaki', 1701150),
(21, 'PT. INDOSAT Tbk', 'Pendem RT.04 RW.02', 21, 72, 'Menara Bersama', 'Perdesaan', 'Menara 4 Kaki', 1701150),
(22, 'PT. INDOSAT Tbk', 'Jl. Raya Godong Karangrayung Dukuh', 169, 72, 'Menara Bersama', 'Perdesaan', 'Menara 4 Kaki', 1701150),
(23, 'PT. INDOSAT Tbk', 'Kuwu RT.4 RW.2', 106, 70, 'Menara Bersama', 'Perdesaan', 'Menara 4 Kaki', 1701150),
(24, 'PT. INDOSAT Tbk', 'Jl. Gatot Subroto', 3, 70, 'Menara Tunggal', 'Perdesaan', 'Menara 4 Kaki', 1701150),
(25, 'PT. INDOSAT Tbk', 'Banjarejo RT.03 RW.01', 1, 72, 'Menara Tunggal', 'Perdesaan', 'Menara 4 Kaki', 1701150),
(26, 'PT. INDOSAT Tbk', 'Kuwu', 106, 70, 'Menara Tunggal', 'Perdesaan', 'Menara 4 Kaki', 1701150),
(27, 'PT. INDOSAT Tbk', 'Depok Selatan RT.03 RW.02', 238, 70, 'Menara Bersama', 'Perkotaan', 'Menara 4 Kaki', 1701150),
(28, 'PT. INDOSAT Tbk', 'Ketitang', 182, 70, 'Menara Tunggal', 'Perdesaan', 'Menara 4 Kaki', 1701150),
(29, 'PT. INDOSAT Tbk', 'Jl. Raya Tegowanu Wetan RT.04 RW.01', 42, 70, 'Menara Bersama', 'Perdesaan', 'Menara 4 Kaki', 1701150),
(30, 'PT. INDOSAT Tbk', 'Jl. R. Suprapto', 197, 70, 'Menara Bersama', 'Perkotaan', 'Menara 4 Kaki', 1546500),
(31, 'PT. INDOSAT Tbk', 'Manggarmas RT.01 RW.01', 186, 55, 'Menara Tunggal', 'Perdesaan', 'Menara 4 Kaki', 1701150),
(32, 'PT. INDOSAT Tbk', 'Jl. Brigjen Katamso No. 53', 197, 52, 'Menara Bersama', 'Perkotaan', 'Menara 4 Kaki', 1546500),
(33, 'PT. INDOSAT Tbk', 'Dusun Pancan RT.06 RW.06', 224, 52, 'Menara Bersama', 'Perdesaan', 'Menara 4 Kaki', 1701150),
(34, 'PT. SOLUSINDO KREASI PRATAMA', 'Jatipohon RT.04 RW.01', 233, 72, 'Menara Bersama', 'Perdesaan', 'Menara 4 Kaki', 1701150),
(35, 'PT. SOLUSINDO KREASI PRATAMA', 'Dusun Kedung Mulyo RT.03 RW.04', 248, 38, 'Menara Tunggal', 'Perdesaan', 'Menara 4 Kaki', 1701150),
(36, 'PT. SOLUSINDO KREASI PRATAMA', 'Dusun Geneng RT.01 RW.04', 157, 72, 'Menara Tunggal', 'Perdesaan', 'Menara 4 Kaki', 1701150),
(37, 'PT. SOLUSINDO KREASI PRATAMA', 'Dusun Ngrao Selatan RT.002 RW.004', 107, 62, 'Menara Tunggal', 'Perdesaan', 'Menara 4 Kaki', 1701150),
(38, 'PT. SOLUSINDO KREASI PRATAMA', 'Dusun Dumpil RT.12 RW.03', 17, 72, 'Menara Tunggal', 'Perdesaan', 'Menara 4 Kaki', 1701150),
(39, 'PT. SOLUSINDO KREASI PRATAMA', 'Kunden RT.01 RW.01', 91, 72, 'Menara Tunggal', 'Perdesaan', 'Menara 4 Kaki', 1701150),
(40, 'PT. SOLUSINDO KREASI PRATAMA', 'Depok RT.03 RW.03', 238, 72, 'Menara Tunggal', 'Perdesaan', 'Menara 4 Kaki', 1701150),
(41, 'PT. SOLUSINDO KREASI PRATAMA', 'Plosoharjo RT.01 RW.07', 247, 62, 'Menara Tunggal', 'Perdesaan', 'Menara 4 Kaki', 1701150),
(42, 'PT. SOLUSINDO KREASI PRATAMA', 'Dusun Krajan', 272, 62, 'Menara Tunggal', 'Perdesaan', 'Menara 4 Kaki', 1701150),
(43, 'PT. SOLUSINDO KREASI PRATAMA', 'Sambongbangi RT.05 RW.03', 109, 72, 'Menara Tunggal', 'Perdesaan', 'Menara 4 Kaki', 1701150),
(44, 'PT. SOLUSINDO KREASI PRATAMA', 'Dusun Mrica RT.03 RW.03', 227, 72, 'Menara Tunggal', 'Perdesaan', 'Menara 4 Kaki', 1701150),
(45, 'PT. SOLUSI MENARA INDONESIA', 'Jl. Kalongan  Krajan Gang Pegunting RT.05/01', 203, 52, 'Menara Bersama', 'Perkotaan', 'Menara 4 Kaki', 1546500),
(46, 'PT. SOLUSI MENARA INDONESIA', 'Nambuhan RT.01 RW.01', 207, 72, 'Menara Bersama', 'Perdesaan', 'Menara 4 Kaki', 1701150),
(47, 'PT. SOLUSI MENARA INDONESIA', 'Desa Kaliwenang RT.07 RW.03', 46, 70, 'Menara Tunggal', 'Perdesaan', 'Menara 4 Kaki', 1701150),
(48, 'PT. SOLUSI MENARA INDONESIA', 'Jl. Merto Wijoyo RT.05 RW.02', 270, 70, 'Menara Bersama', 'Perdesaan', 'Menara 4 Kaki', 1701150),
(49, 'PT. SOLUSI MENARA INDONESIA', 'Dusun Kedungwungu RT.01 RW.02', 81, 70, 'Menara Tunggal', 'Perdesaan', 'Menara 4 Kaki', 1701150),
(50, 'PT. SOLUSI MENARA INDONESIA', 'Jl. Pati Wirosari Dukuh Sarip RT.03 Rw.05', 89, 72, 'Menara Tunggal', 'Perdesaan', 'Menara 4 Kaki', 1701150),
(51, 'PT. SOLUSI MENARA INDONESIA', 'Jl. Raya Purwodadi-Pati KM 5', 229, 70, 'Menara Bersama', 'Perdesaan', 'Menara 4 Kaki', 1701150),
(52, 'PT. SOLUSI MENARA INDONESIA', 'Jl. Kartini No. 5 RT.03 RW.04', 149, 70, 'Menara Tunggal', 'Perdesaan', 'Menara 4 Kaki', 1701150),
(53, 'PT. SOLUSI MENARA INDONESIA', 'Dusun Wonoboyo RT.04 RW.02', 223, 70, 'Menara Tunggal', 'Perdesaan', 'Menara 4 Kaki', 1701150),
(54, 'PT. SOLUSI MENARA INDONESIA', 'Dusun Kauman Barat RT.01 RW.02 ', 58, 70, 'Menara Tunggal', 'Perdesaan', 'Menara 4 Kaki', 1701150),
(55, 'PT. SOLUSI MENARA INDONESIA', 'Jl. Pemuda', 129, 55, 'Menara Bersama', 'Perdesaan', 'Menara 4 Kaki', 1701150),
(56, 'PT. SOLUSI MENARA INDONESIA', 'Sendang Coyo RT.01 RW.06', 119, 72, 'Menara Bersama', 'Perdesaan', 'Menara 4 Kaki', 1701150),
(57, 'PT. SOLUSI MENARA INDONESIA', 'Sedadi RT.07 RW.01', 274, 72, 'Menara Bersama', 'Perdesaan', 'Menara 4 Kaki', 1701150),
(58, 'PT. TOWER BERSAMA', 'Dusun Jangkung RT.09 RW.01', 201, 62, 'Menara Tunggal', 'Perdesaan', '', 8437500),
(59, 'PT. TOWER BERSAMA', 'Watupawon RT.01 RW.01', 277, 52, 'Menara Tunggal', 'Perdesaan', 'Menara 4 Kaki', 1701150),
(60, 'PT. TOWER BERSAMA', 'Dusun Singopranan RT.002 RW.002', 16, 62, 'Menara Bersama', 'Perdesaan', '', 8437500),
(61, 'PT. TOWER BERSAMA', 'Desa Bangsri RT.05 RW.02', 148, 72, 'Menara Tunggal', 'Perdesaan', '', 9112500),
(62, 'PT. TOWER BERSAMA', 'Dukuh Lengkong RT.07 RW.06', 147, 72, 'Menara Tunggal', 'Perdesaan', '', 9112500),
(63, 'PT. TOWER BERSAMA', 'Dusun Linduk RT.01 RW.07', 105, 62, 'Menara Tunggal', 'Perdesaan', '', 9112500),
(64, 'PT. TOWER BERSAMA', 'Dusun Prakitan RT.02 RW.01', 99, 62, 'Menara Tunggal', 'Perdesaan', '', 9112500),
(65, 'PT. TOWER BERSAMA', 'Dusun Krajan RT.001 RW.004', 114, 62, 'Menara Tunggal', 'Perdesaan', '', 9112500),
(66, 'PT. TOWER BERSAMA', 'Dusun Guwo', 216, 72, 'Menara Bersama', 'Perdesaan', '', 7087500),
(67, 'PT. TOWER BERSAMA', 'Jl. R. Suprapto Gang Sadewa III RT.06 RW.21', 197, 15, 'Menara Tunggal', 'Perkotaan', '', 8100000),
(68, 'PT. TOWER BERSAMA', 'Desa Bantengmati RT.05 RW.04', 205, 42, 'Menara Tunggal', 'Perkotaan', '', 8775000),
(69, 'PT. TOWER BERSAMA', 'Dusun Jangkung RT.09 RW.01', 201, 62, 'Menara Tunggal', 'Perdesaan', '', 8437500),
(70, 'PT. TOWER BERSAMA', 'Watupawon RT.01 RW.01', 277, 52, 'Menara Tunggal', 'Perdesaan', '', 8100000),
(71, 'PT. TOWER BERSAMA', 'Dusun Singopranan RT.002 RW.002', 16, 62, 'Menara Bersama', 'Perdesaan', '', 8437500),
(72, 'PT. TOWER BERSAMA', 'Bangsri RT.05 RW.02', 148, 72, 'Menara Tunggal', 'Perdesaan', '', 9112500),
(73, 'PT. TOWER BERSAMA', 'Dukuh Lengkong RT.07 RW.06', 147, 72, 'Menara Tunggal', 'Perdesaan', '', 9112500),
(74, 'PT. TOWER BERSAMA', 'Dusun Linduk RT.01 RW.07', 105, 62, 'Menara Tunggal', 'Perdesaan', '', 9112500),
(75, 'PT. TOWER BERSAMA', 'Dusun Prakitan RT.02 RW.01', 99, 62, 'Menara Tunggal', 'Perdesaan', '', 9112500),
(76, 'PT. TOWER BERSAMA', 'Dusun Krajan RT.001 RW.004', 114, 62, 'Menara Tunggal', 'Perdesaan', '', 9112500),
(77, 'PT. TOWER BERSAMA', 'Dusun Guwo', 216, 72, 'Menara Bersama', 'Perdesaan', 'Menara 4 Kaki', 1701150),
(78, 'PT. TOWER BERSAMA', 'Jl. R. Suprapto Gang Sadewa III RT.06 RW.21', 197, 15, 'Menara Tunggal', 'Perkotaan', 'Menara 4 Kaki', 1546500),
(79, 'PT. TOWER BERSAMA', 'Desa Bantengmati RT.05 RW.04', 205, 42, 'Menara Tunggal', 'Perdesaan', 'Menara 4 Kaki', 1546500),
(80, 'PT. TOWER BERSAMA', 'Dusun Jangkung RT.09 RW.01', 201, 62, 'Menara Tunggal', 'Perdesaan', 'Menara 4 Kaki', 1701150),
(81, 'PT. TOWER BERSAMA', 'Watupawon RT.01 RW.01', 277, 52, 'Menara Tunggal', 'Perdesaan', 'Menara 4 Kaki', 1701150),
(82, 'PT. TOWER BERSAMA', 'Dusun Singopranan RT.002 RW.002', 16, 62, 'Menara Bersama', 'Perdesaan', 'Menara 4 Kaki', 1701150),
(83, 'PT. TOWER BERSAMA', 'Bangsri RT.05 RW.02', 148, 72, 'Menara Tunggal', 'Perdesaan', 'Menara 4 Kaki', 1701150),
(84, 'PT. TOWER BERSAMA', 'Dukuh Lengkong RT.07 RW.06', 147, 72, 'Menara Tunggal', 'Perdesaan', 'Menara 4 Kaki', 1701150),
(85, 'PT. TOWER BERSAMA', 'Dusun Linduk RT.01 RW.07', 105, 62, 'Menara Tunggal', 'Perdesaan', 'Menara 4 Kaki', 1701150),
(86, 'PT. TOWER BERSAMA', 'Dusun Prakitan RT.02 RW.01', 99, 62, 'Menara Tunggal', 'Perdesaan', 'Menara 4 Kaki', 1701150),
(87, 'PT. TOWER BERSAMA', 'Dusun Krajan RT.001 RW.004', 114, 62, 'Menara Tunggal', 'Perdesaan', 'Menara 4 Kaki', 1701150),
(88, 'PT. TOWER BERSAMA', 'Dusun Guwo', 216, 72, 'Menara Bersama', 'Perdesaan', 'Menara 4 Kaki', 1701150),
(89, 'PT. TOWER BERSAMA', 'Jl. R. Suprapto Gang Sadewa III RT.06 RW.21', 197, 15, 'Menara Tunggal', 'Perkotaan', 'Menara 4 Kaki', 1546500),
(90, 'PT. TOWER BERSAMA', 'Desa Bantengmati RT.05 RW.04', 205, 42, 'Menara Tunggal', 'Perkotaan', 'Menara 4 Kaki', 1546500),
(91, 'PT. PROTELINDO', 'Dusun Beru', 88, 52, 'Menara Tunggal', 'Perdesaan', '', 8775000),
(92, 'PT. PROTELINDO', 'Dsn. Kedung', 240, 70, 'Menara Tunggal', 'Perdesaan', '', 8437500),
(93, 'PT. PROTELINDO', 'Dusun Dawung RT.01 RW.II', 55, 70, 'Menara Tunggal', 'Perdesaan', '', 9787500),
(94, 'PT. PROTELINDO', 'Dusun Gedong 01/VI', 258, 70, 'Menara Tunggal', 'Perdesaan', '', 8437500),
(95, 'PT. PROTELINDO', 'Bago RT.02 RW. IV', 99, 70, 'Menara Tunggal', 'Perdesaan', '', 9112500),
(96, 'PT. PROTELINDO', 'Jl. Wijaya Kusuma I/32 RT.03 RW.XIV', 197, 36, 'Menara Bersama', 'Perkotaan', 'Menara 3 Kaki', 1469175),
(97, 'PT. PROTELINDO', 'Dusun Sendangsuro', 15, 70, 'Menara Tunggal', 'Perdesaan', '', 9787500),
(98, 'PT. PROTELINDO', 'Wirosari RT.03 RW.01', 98, 65, 'Menara Bersama', 'Perdesaan', 'Menara 3 Kaki', 1623825),
(99, 'PT. PROTELINDO', 'Ngaringan RT.05 RW.01', 20, 65, 'Menara Tunggal', 'Perdesaan', '', 9787500),
(100, 'PT. PROTELINDO', 'Jatilor RT.01 RW.01', 178, 64, 'Menara Bersama', 'Perdesaan', 'Menara 3 Kaki', 1623825),
(101, 'PT. PROTELINDO', 'Tawangharjo RT.04 RW.02', 223, 62, 'Menara Tunggal', 'Perdesaan', '', 8437500),
(102, 'PT. PROTELINDO', 'Tanjungrejo RT.02 RW.03', 96, 64, 'Menara Bersama', 'Perdesaan', 'Menara 3 Kaki', 1623825),
(103, 'PT. PROTELINDO', 'Dusun Angkatan RT.07 RW.III', 92, 60, 'Menara Tunggal', 'Perdesaan', '', 9112500),
(104, 'PT. PROTELINDO', 'Dusun Klatak RT.01 RW.04', 145, 71, 'Menara Bersama', 'Perdesaan', 'Menara 3 Kaki', 1623825),
(105, 'PT. PROTELINDO', 'Kp. Danyang RT.02 RW.01', 199, 32, 'Menara Tunggal', 'Perkotaan', '', 8437500),
(106, 'PT. PROTELINDO', 'Dusun Kedaton RT.01 RW.04', 211, 52, 'Menara Bersama', 'Perdesaan', 'Menara 3 Kaki', 1623825),
(107, 'PT. PROTELINDO', 'Dusun Kedungwungu RT.02 RW.06', 119, 50, 'Menara Bersama', 'Perdesaan', 'Menara 3 Kaki', 1623825),
(108, 'PT. PROTELINDO', 'Dusun Lestari RT.03 RW.01', 42, 52, 'Menara Tunggal', 'Perkotaan', '', 10125000),
(109, 'PT. PROTELINDO', 'Jl. Teuku Umar No. 12 RT.001 RW.05', 98, 71, 'Menara Tunggal', 'Perkotaan', '', 9787500),
(110, 'PT. PROTELINDO', 'Dusun Wonoboyo RT.004 RW.02', 223, 51, 'Menara Bersama', 'Perdesaan', 'Menara 3 Kaki', 1623825),
(111, 'PT. PROTELINDO', 'Wandan Kemiri RT.05 RW.01 ', 168, 70, 'Menara Bersama', 'Perdesaan', 'Menara 3 Kaki', 1623825),
(112, 'PT. PROTELINDO', 'Jl. Banyuono I/No. 13 RT.01 RW.016', 197, 31, 'Menara Bersama', 'Perkotaan', 'Menara 3 Kaki', 1469175),
(113, 'PT. XL AXIATA', 'Jl. Pemuda No. 15 RT.03 RW.05', 129, 71, 'Menara Tunggal', 'Perdesaan', 'Menara 3 Kaki', 1623825),
(114, 'PT. XL AXIATA', 'Rejomulyo RT.07 RW.03', 171, 70, 'Menara Tunggal', 'Perdesaan', 'Menara 4 Kaki', 1701150),
(115, 'PT. XL AXIATA', 'Dusun Sanggrahan RT.08 RW.01', 225, 70, 'Menara Bersama', 'Perdesaan', 'Menara 4 Kaki', 1701150),
(116, 'PT. XL AXIATA', 'Dusun Nglejok RT.03 RW.15 ', 198, 52, 'Menara Tunggal', 'Perkotaan', 'Menara 3 Kaki', 1469175),
(117, 'PT. XL AXIATA', 'Dukuh Depok Timur RT.04 RW.03', 238, 50, 'Menara Bersama', 'Perdesaan', 'Menara 4 Kaki', 1701150),
(118, 'PT. XL AXIATA', 'Jl. Kembangan RT.01 RW.02', 106, 72, 'Menara Tunggal', 'Perdesaan', 'Menara 4 Kaki', 1701150),
(119, 'PT. TOWERINDO KONVERGENSI', 'Jl. Raya A. Yani Putat Penganten RT.04 RW.02', 212, 72, 'Menara Tunggal', 'Perdesaan', 'Menara 4 Kaki', 1701150),
(120, 'PT. SAMPOERNA TELEKOMUNIKASI INDONESIA', 'Jl. Kol. Sugiyono No. 27 RT.05 RW.05', 197, 60, 'Menara Tunggal', 'Perkotaan', '', 9112500),
(121, 'PT. SAMPOERNA TELEKOMUNIKASI INDONESIA', 'Jl. A. Yani RT.07 RW.03', 171, 60, 'Menara Tunggal', 'Perkotaan', '', 9787500),
(122, 'PT. SAMPOERNA TELEKOMUNIKASI INDONESIA', 'Jl. Pemuda No. 15 Gubug RT.03 RW.05', 129, 60, 'Menara Tunggal', 'Perkotaan', '', 9787500),
(123, 'PT. SAMPOERNA TELEKOMUNIKASI INDONESIA', 'Jl. Siswa Wirosari RT.06 RW.02', 98, 60, 'Menara Tunggal', 'Perkotaan', '', 9787500),
(124, 'PT. SOLUSI TUNAS PRATAMA', 'Jl. Pangeran Puger RT.04 RW.05 ', 225, 71, 'Menara Bersama', 'Perdesaan', 'Menara 3 Kaki', 1623825),
(125, 'PT. SOLUSI TUNAS PRATAMA', 'Jl. Karyawan RT.04/IV', 149, 71, 'Menara Bersama', 'Perdesaan', 'Menara 3 Kaki', 1623825),
(126, 'PT. SOLUSI TUNAS PRATAMA', 'Dusun Sulur RT.01 RW.05', 10, 51, 'Menara Bersama', 'Perdesaan', 'Menara 3 Kaki', 1623825),
(127, 'PT. SOLUSI TUNAS PRATAMA', 'Dusun Dangko RT.03 RW.04', 238, 70, 'Menara Bersama', 'Perdesaan', 'Menara 3 Kaki', 1623825),
(128, 'PT. SOLUSI TUNAS PRATAMA', 'Dusun Krajan RT.02 RW.04', 25, 70, 'Menara Bersama', 'Perdesaan', 'Menara 3 Kaki', 1623825),
(129, 'PT. SOLUSI TUNAS PRATAMA', 'Jl. Cempaka Dusun Tegal RT.003 RW.01', 106, 51, 'Menara Bersama', 'Perdesaan', 'Menara 3 Kaki', 1623825),
(130, 'PT. SOLUSI TUNAS PRATAMA', 'Dusun Ngembel Kidul RT.01 RW.04', 234, 50, 'Menara Bersama', 'Perdesaan', 'Menara 3 Kaki', 1623825),
(131, 'PT. SOLUSI TUNAS PRATAMA', 'Jl. Ahmad Yani', 171, 70, 'Menara Tunggal', 'Perdesaan', 'Menara 3 Kaki', 1623825),
(132, 'PT. SOLUSI TUNAS PRATAMA', 'Jl. Diponegoro No. 9', 199, 30, 'Menara Tunggal', 'Perkotaan', 'Menara 3 Kaki', 1469175),
(133, 'PT. PERSADA SOKKA TAMA', 'Dusun Mayahan RT.01 RW.01', 217, 71, 'Menara Bersama', 'Perdesaan', 'Menara 3 Kaki', 1623825),
(134, 'PT. PERSADA SOKKA TAMA', 'Kuripan RT.01 RW.12 ', 198, 51, 'Menara Bersama', 'Perkotaan', 'Menara 3 Kaki', 1469175),
(135, 'PT. INTI BANGUN SEJAHTERA Tbk', 'Jl. Raya Karangrayung-Godong No. 22 ', 81, 72, 'Menara Tunggal', 'Perkotaan', '', 10462500),
(136, 'PT. INTI BANGUN SEJAHTERA Tbk', 'Dusun Genden RT.02 RW.02', 68, 82, 'Menara Tunggal', 'Perdesaan', '', 10125000),
(137, 'PT. INTI BANGUN SEJAHTERA Tbk', 'Dusun Genden RT.02 RW.02', 134, 72, 'Menara Tunggal', 'Perkotaan', '', 9787500),
(138, 'PT. INTI BANGUN SEJAHTERA Tbk', 'Kalongan RT. 003 RW.001', 203, 72, 'Menara Tunggal', 'Perkotaan', '', 9112500),
(139, 'PT. INTI BANGUN SEJAHTERA Tbk', 'Dusun Ngemplak RT.004 RW.002', 248, 72, 'Menara Tunggal', 'Perkotaan', '', 9112500),
(140, 'PT. INTI BANGUN SEJAHTERA Tbk', 'Dukuh Gundik RT.01 RW.02', 154, 82, 'Menara Tunggal', 'Perdesaan', '', 9450000),
(141, 'PT. INTI BANGUN SEJAHTERA Tbk', 'Dusun Ngramut', 257, 72, 'Menara Tunggal', 'Perdesaan', '', 8437500),
(142, 'PT. INTI BANGUN SEJAHTERA Tbk', 'Dusun Gedangan RT.02 RW.07', 164, 72, 'Menara Tunggal', 'Perkotaan', '', 9787500),
(143, 'PT. INTI BANGUN SEJAHTERA Tbk', 'Dsn. Karangsari RT.01 RW.01', 253, 72, 'Menara Tunggal', 'Perkotaan', '', 9112500),
(144, 'PT. INTI BANGUN SEJAHTERA Tbk', 'Dusun Dalingan RT.001 RW.003', 223, 72, 'Menara Tunggal', 'Perkotaan', '', 9112500),
(145, 'PT. INTI BANGUN SEJAHTERA Tbk', 'Dusun Jembar RT.01 RW.01', 13, 72, 'Menara Tunggal', 'Perdesaan', '', 9787500),
(146, 'PT. INTI BANGUN SEJAHTERA Tbk', 'Dukuh Pulorejo RT.04 RW.04 ', 104, 72, 'Menara Tunggal', 'Perkotaan', '', 9787500),
(147, 'PT. INTI BANGUN SEJAHTERA Tbk', 'Jl. Dampak RT.01 RW.02', 168, 72, 'Menara Tunggal', 'Perdesaan', '', 9112500),
(148, 'PT. INTI BANGUN SEJAHTERA Tbk', 'Dusun Krajan RT.006 RW.002', 26, 52, 'Menara Tunggal', 'Perdesaan', '', 9450000),
(149, 'PT. INTI BANGUN SEJAHTERA Tbk', 'Dusun Logender RT.01 RW.11', 125, 62, 'Menara Tunggal', 'Perkotaan', '', 9787500),
(150, 'PT. INTI BANGUN SEJAHTERA Tbk', 'Dsn. Kembangan Utara RT.03 RW.07', 121, 62, 'Menara Tunggal', 'Perkotaan', '', 9787500),
(151, 'PT. INTI BANGUN SEJAHTERA Tbk', 'Dusun Medang RT.01 RW.06', 23, 62, 'Menara Tunggal', 'Perdesaan', '', 9787500),
(152, 'PT. INTI BANGUN SEJAHTERA Tbk', 'Dusun Klatak RT.01 RW.04 ', 145, 72, 'Menara Tunggal', 'Perdesaan', '', 9112500),
(153, 'PT. INTI BANGUN SEJAHTERA Tbk', 'Dusun Kenteng RT.02 RW.07 ', 243, 62, 'Menara Tunggal', 'Perdesaan', '', 8437500),
(154, 'PT. INTI BANGUN SEJAHTERA Tbk', 'Dusun Legundi RT.01 RW.05', 116, 62, 'Menara Tunggal', 'Perdesaan', '', 9112500),
(155, 'PT. INTI BANGUN SEJAHTERA Tbk', 'Dsn. Getas RT.001 RW.004', 84, 62, 'Menara Tunggal', 'Perdesaan', '', 9787500),
(156, 'PT. INTI BANGUN SEJAHTERA Tbk', 'Dsn. Gedong RT.001 RW.006', 258, 72, 'Menara Tunggal', 'Perdesaan', '', 8437500),
(157, 'PT. KOMET INFRA NUSANTARA', 'Dusun Bantengmati RT.05 RW.05', 205, 35, 'Menara Tunggal', 'Perkotaan', 'Menara 3 Kaki', 1469175),
(158, 'PT. KOMET INFRA NUSANTARA', 'Dusun Tempel RT.03 RW.06', 210, 35, 'Menara Tunggal', 'Perdesaan', 'Menara 3 Kaki', 1623825),
(159, 'PT. KOMET INFRA NUSANTARA', 'Dusun Ledok RT.03 RW.10', 241, 52, 'Menara Tunggal', 'Perdesaan', 'Menara 3 Kaki', 1623825),
(160, 'PT. KOMET INFRA NUSANTARA', 'Klampok RT.02 RW.02', 183, 45, 'Menara Tunggal', 'Perdesaan', 'Menara 3 Kaki', 1623825),
(161, 'PT. KOMET INFRA NUSANTARA', 'Dusun Butuh RT.06 RW.02', 121, 45, 'Menara Tunggal', 'Perdesaan', 'Menara 3 Kaki', 1623825),
(162, 'PT. KOMET INFRA NUSANTARA', 'Dusun Sembung RT.02 RW.05', 123, 52, 'Menara Tunggal', 'Perdesaan', 'Menara 3 Kaki', 1623825),
(163, 'PT. KOMET INFRA NUSANTARA', 'Boloh RT.04 RW.06', 237, 45, 'Menara Tunggal', 'Perdesaan', 'Menara 3 Kaki', 1623825),
(164, 'PT. KOMET INFRA NUSANTARA', 'Dusun Kembangan RT.03 RW.07', 121, 45, 'Menara Tunggal', 'Perdesaan', 'Menara 3 Kaki', 1623825),
(165, 'PT. KOMET INFRA NUSANTARA', 'Dusun Legundi RT.01 RW.05', 116, 45, 'Menara Tunggal', 'Perdesaan', 'Menara 3 Kaki', 1623825),
(166, 'PT. KOMET INFRA NUSANTARA', 'Dusun Klumutan', 238, 45, 'Menara Tunggal', 'Perdesaan', 'Menara 3 Kaki', 1623825),
(167, 'PT. KOMET INFRA NUSANTARA', 'Dusun Juwono RT.02 RW.01', 226, 45, 'Menara Tunggal', 'Perdesaan', 'Menara 3 Kaki', 1623825),
(168, 'PT. KOMET INFRA NUSANTARA', 'Dusun Nglencong RT.03 RW.02', 206, 52, 'Menara Tunggal', 'Perdesaan', 'Menara 3 Kaki', 1623825),
(169, 'PT. KOMET INFRA NUSANTARA', 'Dusun Mlangi RT.02 Rw.03', 39, 42, 'Menara Tunggal', 'Perdesaan', 'Menara 3 Kaki', 1623825),
(170, 'PT. KOMET INFRA NUSANTARA', 'Dusun Katelan RT.01 RW.05', 71, 62, 'Menara Tunggal', 'Perdesaan', 'Menara 3 Kaki', 1623825),
(171, 'PT. LASMANA SWASTI PRASHIDA', 'Jl. Godong -Juwangi RT.02 RW.02', 72, 72, 'Menara Tunggal', 'Perdesaan', '', 9787500),
(172, 'PT. LASMANA SWASTI PRASHIDA', 'Jl. Mojo', 267, 42, 'Menara Tunggal', 'Perdesaan', '', 8100000),
(173, 'PT. LASMANA SWASTI PRASHIDA', 'Dsn. Gebangan RT.07/02', 179, 42, 'Menara Tunggal', 'Perdesaan', '', 8775000),
(174, 'PT. LASMANA SWASTI PRASHIDA', 'Dusun Jati Tengah RT.03 RW.10', 95, 52, 'Menara Tunggal', 'Perdesaan', 'Menara 4 Kaki', 1701150),
(175, 'PT. LASMANA SWASTI PRASHIDA', 'Dusun Ngrenjah RT.01 RW.10', 191, 52, 'Menara Tunggal', 'Perdesaan', 'Menara 4 Kaki', 1701150),
(176, 'PT. LASMANA SWASTI PRASHIDA', 'Jl. Cempaka I No. 2 RT.01 RW.03', 197, 30, 'Menara Tunggal', 'Perkotaan', 'Menara 4 Kaki', 1546500),
(177, 'PT. HUTCHISON 3 INDONESIA', 'Jl. Untung Suropati RT.02 RW.02', 198, 52, 'Menara Tunggal', 'Perkotaan', 'Menara 3 Kaki', 1469175),
(178, 'PT. HUTCHISON 3 INDONESIA', 'Jl. Trikora RT.03 RW.09', 197, 36, 'Menara Tunggal', 'Perkotaan', 'Menara 3 Kaki', 1469175),
(179, 'PT. HUTCHISON 3 INDONESIA', ' Kp. Mekarsari RT.03 RW.07', 134, 42, 'Menara Tunggal', 'Perdesaan', 'Menara 3 Kaki', 1623825),
(180, 'PT. HUTCHISON 3 INDONESIA', 'Dukuh Kunden Barat RT.008 RW.001', 91, 42, 'Menara Tunggal', 'Perdesaan', 'Menara 3 Kaki', 1623825),
(181, 'PT. HUTCHISON 3 INDONESIA', 'Jl. R.Suprapto No. 103 RT. 004 RW.021', 197, 25, 'Menara Tunggal', 'Perkotaan', 'Menara 3 Kaki', 1469175),
(182, 'PT. HUTCHISON 3 INDONESIA', 'Jl. Tanggulsari RT.01 RW.11', 129, 38, 'Menara Tunggal', 'Perdesaan', 'Menara 3 Kaki', 1623825),
(183, 'PT. HUTCHISON 3 INDONESIA', 'Jl. Jendral Sudirman No. 66 RT.06 RW.03', 173, 36, 'Menara Tunggal', 'Perdesaan', 'Menara 3 Kaki', 1623825),
(184, 'PT. HUTCHISON 3 INDONESIA', 'Sumberejosari', 81, 42, 'Menara Tunggal', 'Perdesaan', 'Menara 3 Kaki', 1623825),
(185, 'PT. HUTCHISON 3 INDONESIA', 'Jl. Gajahmada No. 34 A RT.06 RW.21', 197, 30, 'Menara Tunggal', 'Perkotaan', 'Menara 3 Kaki', 1469175),
(186, 'PT. TELKOM', 'Jl. Jendral Sudirman NO. 181', 173, 42, 'Menara Tunggal', 'Perkotaan', '', 9450000),
(187, 'PT. TELKOM', 'Jl. Raya Solo', 248, 38, 'Menara Tunggal', 'Perkotaan', '', 8437500),
(188, 'PT. TELKOM', 'Jl. Letjen R. Suprapto No. 124', 197, 87, 'Menara Tunggal', 'Perkotaan', '', 9450000),
(189, 'PT. TELKOM', 'Jl. Ahmad Yani No. 2', 129, 72, 'Menara Tunggal', 'Perkotaan', '', 9787500),
(190, 'PT. TELKOM', 'Jl. Diponegoro No. 1', 89, 52, 'Menara Tunggal', 'Perkotaan', '', 9450000),
(191, 'PT. GIHON TELEKOMUNIKASI INDONESIA', 'Dusun Krajan RT.03 RW.02', 97, 51, 'Menara Tunggal', 'Perdesaan', 'Menara 3 Kaki', 1623825),
(192, 'PT. GIHON TELEKOMUNIKASI INDONESIA', 'Dusun Pateh RT.003 RW.001', 92, 51, 'Menara Tunggal', 'Perdesaan', 'Menara 3 Kaki', 1623825),
(193, 'PT. GIHON TELEKOMUNIKASI INDONESIA', 'Gabus RT.001 RW.002', 3, 51, 'Menara Tunggal', 'Perdesaan', 'Menara 3 Kaki', 1623825),
(194, 'PT. GIHON TELEKOMUNIKASI INDONESIA', 'Jl. P. Diponegoro No.35 RT.02 RW.04', 199, 51, 'Menara Tunggal', 'Perkotaan', 'Menara 3 Kaki', 1469175),
(195, 'PT. GIHON TELEKOMUNIKASI INDONESIA', 'Dusun Ngloram RT.01 RW.05', 246, 51, 'Menara Tunggal', 'Perdesaan', 'Menara 3 Kaki', 1623825),
(196, 'PT. GIHON TELEKOMUNIKASI INDONESIA', 'Dusun Sidoarjo RT.002 RW.002', 234, 51, 'Menara Tunggal', 'Perdesaan', 'Menara 3 Kaki', 1623825),
(197, 'PT. CENTRATAMA TELEKOMUNIKASI INDONESIA', 'Dusun Nangkas RT.01 RW.04', 155, 52, 'Menara Tunggal', 'Perdesaan', 'Menara 3 Kaki', 1623825),
(198, 'PT. CENTRATAMA TELEKOMUNIKASI INDONESIA', 'Pulorejo RT.02 RW.01', 211, 42, 'Menara Tunggal', 'Perdesaan', 'Menara 3 Kaki', 1623825),
(199, 'PT. TELKOMSEL', 'Jl. Garuda No. 30 RT.01 RW.03', 225, 72, 'Menara Tunggal', 'Perdesaan', 'Menara 4 Kaki', 1701150),
(200, 'PT. TELKOMSEL', 'Dukuh Mangsulan RT.04 RW.04 ', 113, 72, 'Menara Tunggal', 'Perdesaan', 'Menara 4 Kaki', 1701150),
(201, 'PT. TELKOMSEL', 'Gabus RT.01 RW.01', 3, 72, 'Menara Tunggal', 'Perdesaan', 'Menara 4 Kaki', 1701150),
(202, 'PT. TELKOMSEL', 'Mayahan RT.02 RW.01 ', 217, 72, 'Menara Tunggal', 'Perdesaan', 'Menara 4 Kaki', 1701150),
(203, 'PT. TELKOMSEL ', 'Jl. Kembangan RT.01 RW.02', 106, 72, 'Menara Tunggal', 'Perdesaan', 'Menara 4 Kaki', 1701150),
(204, 'PT. TELKOMSEL ', 'Trowolu RT.06 RW.02', 26, 72, 'Menara Tunggal', 'Perdesaan', 'Menara 4 Kaki', 1701150),
(205, 'PT. TELKOMSEL ', 'Sulursari RT.05 RW.05', 10, 72, 'Menara Tunggal', 'Perdesaan', 'Menara 4 Kaki', 1701150),
(206, 'PT. TELKOMSEL ', 'Dusun Tunjungsari RT.02 RW.02', 96, 72, 'Menara Tunggal', 'Perdesaan', 'Menara 4 Kaki', 1701150),
(207, 'PT. TELKOMSEL', 'Sindurejo RT.01 RW.04', 248, 72, 'Menara Tunggal', 'Perdesaan', 'Menara 4 Kaki', 1701150),
(208, 'PT. TELKOMSEL ', 'Dusun Tinongo RT.03 RW.02', 155, 72, 'Menara Tunggal', 'Perdesaan', 'Menara 4 Kaki', 1701150),
(209, 'PT. TELKOMSEL ', 'Jl. Raya Ngaringan Purwodadi No. 74 RT.04 RW.01', 20, 72, 'Menara Tunggal', 'Perdesaan', 'Menara 4 Kaki', 1701150),
(210, 'PT. TELKOMSEL ', 'Jl. Siswa II Pateh Kp. Kedusan', 98, 72, 'Menara Tunggal', 'Perdesaan', 'Menara 4 Kaki', 1701150),
(211, 'PT. TELKOMSEL ', 'Jl. Pangeran Puger RT.05 RW.05', 225, 72, 'Menara Tunggal', 'Perdesaan', 'Menara 4 Kaki', 1701150),
(212, 'PT. TELKOMSEL ', 'Tawangharjo RT.02 RW.02', 223, 72, 'Menara Tunggal', 'Perdesaan', 'Menara 4 Kaki', 1701150),
(213, 'PT. TELKOMSEL ', 'Dusun Krajan RT.07 RW.01 ', 97, 72, 'Menara Tunggal', 'Perdesaan', 'Menara 4 Kaki', 1701150),
(214, 'PT. TELKOMSEL ', 'Dusun Panunggalan Krajan RT.01 RW.01', 119, 72, 'Menara Tunggal', 'Perdesaan', 'Menara 4 Kaki', 1701150),
(215, 'PT. TELKOMSEL ', 'Dusun Sanggrahan RT.07 RW.01', 224, 72, 'Menara Tunggal', 'Perdesaan', 'Menara 4 Kaki', 1701150),
(216, 'PT. TELKOMSEL ', 'Jl. Raya Tanggungharjo Tegowanu RT.02 RW.05', 234, 72, 'Menara Tunggal', 'Perdesaan', 'Menara 4 Kaki', 1701150),
(217, 'PT. TELKOMSEL ', 'Dukuh Sidorejo RT.03 RW.06', 274, 72, 'Menara Tunggal', 'Perdesaan', 'Menara 4 Kaki', 1701150),
(218, 'PT. TELKOMSEL ', 'Dukuh Bangkle RT.01 RW.02', 190, 72, 'Menara Tunggal', 'Perdesaan', 'Menara 4 Kaki', 1701150),
(219, 'PT. TELKOMSEL ', 'Tegowanu Wetan RT.02 RW.01', 42, 72, 'Menara Tunggal', 'Perdesaan', 'Menara 4 Kaki', 1701150),
(220, 'PT. TELKOMSEL ', 'Dusun Karangsari RT.02 RW.03', 57, 72, 'Menara Tunggal', 'Perdesaan', 'Menara 4 Kaki', 1701150),
(221, 'PT. TELKOMSEL ', 'Kronggen RT.02 RW.01', 255, 72, 'Menara Tunggal', 'Perdesaan', 'Menara 4 Kaki', 1701150),
(222, 'PT. TELKOMSEL ', 'Lekok Penawangan RT.02 RW.02 ', 271, 72, 'Menara Tunggal', 'Perdesaan', 'Menara 4 Kaki', 1701150),
(223, 'PT. TELKOMSEL ', 'Dusun Krajan RT.01 RW.02', 130, 72, 'Menara Tunggal', 'Perdesaan', 'Menara 4 Kaki', 1701150),
(224, 'PT. TELKOMSEL ', 'Jl. Sofandori RT.02 RW.07 ', 134, 72, 'Menara Tunggal', 'Perdesaan', 'Menara 4 Kaki', 1701150),
(225, 'PT. TELKOMSEL ', 'Bugel RT.08 RW.03', 171, 72, 'Menara Tunggal', 'Perdesaan', 'Menara 4 Kaki', 1701150),
(226, 'PT. TELKOMSEL ', 'Kapung', 47, 72, 'Menara Tunggal', 'Perdesaan', 'Menara 4 Kaki', 1701150),
(227, 'PT. TELKOMSEL ', 'Jeketro RT.02 RW.01', 131, 72, 'Menara Tunggal', 'Perdesaan', 'Menara 4 Kaki', 1701150),
(228, 'PT. TELKOMSEL ', 'Jl. Kartini RT.01 RW.02', 81, 72, 'Menara Tunggal', 'Perdesaan', 'Menara 4 Kaki', 1701150),
(229, 'PT. TELKOMSEL ', 'Kp. Wonorejo RT.05 RW.08', 58, 72, 'Menara Tunggal', 'Perdesaan', 'Menara 4 Kaki', 1701150),
(230, 'PT. TELKOMSEL ', 'Jl. Raya Klambu RT.04 RW.03', 162, 72, 'Menara Tunggal', 'Perdesaan', 'Menara 4 Kaki', 1701150),
(231, 'PT. TELKOMSEL ', 'Kradenan RT.05 RW.03', 105, 72, 'Menara Tunggal', 'Perkotaan', 'Menara 4 Kaki', 1701150),
(232, 'PT. TELKOMSEL ', 'Jl. Jambangan Sanggrak RT.04 RW.01', 150, 72, 'Menara Tunggal', 'Perdesaan', 'Menara 4 Kaki', 1701150),
(233, 'PT. TELKOMSEL ', 'Dusun Sarip', 89, 72, 'Menara Tunggal', 'Perdesaan', 'Menara 4 Kaki', 1701150),
(234, 'PT. TELKOMSEL ', 'Simo RT.05 RW.01', 111, 72, 'Menara Tunggal', 'Perdesaan', 'Menara 4 Kaki', 1701150),
(235, 'PT. TELKOMSEL ', 'Dusun Tunggak I RT.03 RW.05', 95, 72, 'Menara Tunggal', 'Perdesaan', 'Menara 4 Kaki', 1701150),
(236, 'PT. TELKOMSEL ', 'Dusun Nongko RT.03 RW.09', 191, 72, 'Menara Tunggal', 'Perdesaan', 'Menara 4 Kaki', 1701150),
(237, 'PT. TELKOMSEL ', 'Dusun Bangsri RT.03 RW.05', 95, 72, 'Menara Tunggal', 'Perdesaan', 'Menara 4 Kaki', 1701150),
(238, 'PT. TELKOMSEL ', 'Dusun Tinongo RT.03 RW.02', 155, 72, 'Menara Tunggal', 'Perdesaan', '', 9112500),
(239, 'PT. TELKOMSEL ', 'Sumber Jatipohon', 233, 72, 'Menara Tunggal', 'Perdesaan', 'Menara 4 Kaki', 1701150),
(240, 'PT. TELKOMSEL ', 'Jl. A. Yani Nglejok', 198, 42, 'Menara Tunggal', 'Perkotaan', 'Menara 4 Kaki', 1546500),
(241, 'PT. TELKOMSEL ', 'Dusun Pulogendol', 207, 42, 'Menara Tunggal', 'Perdesaan', 'Menara 4 Kaki', 1701150),
(242, 'PT. TELKOMSEL ', 'Dusun Krajan RT.01 RW.01', 272, 52, 'Menara Tunggal', 'Perdesaan', 'Menara 4 Kaki', 1701150),
(243, 'PT. TELKOMSEL ', 'Dusun Trongso RT.07 RW.01', 181, 52, 'Menara Tunggal', 'Perdesaan', 'Menara 4 Kaki', 1701150),
(244, 'PT. TELKOMSEL ', 'Dusun Tlawah RT.02 RW.03', 82, 52, 'Menara Tunggal', 'Perdesaan', 'Menara 4 Kaki', 1701150),
(245, 'PT. DAYAMITRA TELEKOMUNIKASI', 'Dusun Truwili RT.08 RW. 11 ', 239, 72, 'Menara Tunggal', 'Perdesaan', 'Menara 4 Kaki', 1701150),
(246, 'PT. DAYAMITRA TELEKOMUNIKASI', 'Dusun Dawung RT.05 RW.03', 249, 52, 'Menara Tunggal', 'Perdesaan', 'Menara 4 Kaki', 1701150),
(247, 'PT. DAYAMITRA TELEKOMUNIKASI', 'Jl. Usaha No. 141 ', 197, 42, 'Menara Tunggal', 'Perkotaan', 'Menara 4 Kaki', 1546500),
(248, 'PT. DAYAMITRA TELEKOMUNIKASI', 'Jl. P. Diponegoro No.35 RT.02 RW.04 ', 199, 42, 'Menara Tunggal', 'Perkotaan', 'Menara 4 Kaki', 1546500),
(249, 'PT. DAYAMITRA TELEKOMUNIKASI', 'Jl. Banyuono No. 15 RT.001 RW.016', 197, 42, 'Menara Tunggal', 'Perkotaan', 'Menara 4 Kaki', 1546500),
(250, 'PT. DAYAMITRA TELEKOMUNIKASI', 'Jl. Kartini No. 20 RT.03 RW.12', 197, 42, 'Menara Tunggal', 'Perkotaan', 'Menara 4 Kaki', 1546500),
(251, 'PT. DAYAMITRA TELEKOMUNIKASI', 'Plendungan RT.05 RW.01', 198, 42, 'Menara Tunggal', 'Perkotaan', 'Menara Pole', 1391850),
(252, 'PT. DAYAMITRA TELEKOMUNIKASI', 'Jl. MT. Haryono No. 32 RT.01 RW.04', 197, 15, 'Menara Tunggal', 'Perkotaan', 'Menara Pole', 1391850),
(253, 'PT. DAYAMITRA TELEKOMUNIKASI', 'Dusun Gunung Tugel RT.01 RW.05', 80, 72, 'Menara Tunggal', 'Perdesaan', 'Menara 4 Kaki', 1701150),
(254, 'PT. DAYAMITRA TELEKOMUNIKASI', 'Kampung Methuk RT.001 RW.001', 61, 72, 'Menara Tunggal', 'Perdesaan', 'Menara 4 Kaki', 1701150),
(255, 'PT. DAYAMITRA TELEKOMUNIKASI', 'Dusun Tarub RT.02 RW.03', 222, 42, 'Menara Tunggal', 'Perdesaan', 'Menara 4 Kaki', 1701150),
(256, 'PT. DAYAMITRA TELEKOMUNIKASI', 'Dusun Nanggung RT.01 RW.02', 73, 42, 'Menara Tunggal', 'Perdesaan', 'Menara 4 Kaki', 1701150),
(257, 'PT. DAYAMITRA TELEKOMUNIKASI', 'Dusun Lamur RT.03 RW.04', 122, 42, 'Menara Tunggal', 'Perdesaan', 'Menara 4 Kaki', 1701150),
(258, 'PT. DAYAMITRA TELEKOMUNIKASI', 'Dusun Kalipang RT.01 Rw.01', 4, 42, 'Menara Tunggal', 'Perdesaan', 'Menara 4 Kaki', 1701150),
(259, 'PT. DAYAMITRA TELEKOMUNIKASI', 'Dusun Karangtalun RT.04 RW.03', 118, 42, 'Menara Tunggal', 'Perdesaan', 'Menara 4 Kaki', 1701150),
(260, 'PT. DAYAMITRA TELEKOMUNIKASI', 'Dusun Kandangan RT.03 RW.03 ', 204, 42, 'Menara Tunggal', 'Perdesaan', 'Menara 4 Kaki', 1701150),
(261, 'PT. DAYAMITRA TELEKOMUNIKASI', 'Dusun Keyongan RT.004 RW.001', 6, 72, 'Menara Tunggal', 'Perdesaan', 'Menara 4 Kaki', 1701150),
(265, 'menara uji', 'jalan abc', 2, 78, 'Menara Tunggal', 'Perdesaan', 'Menara 3 Kaki', 1623825),
(266, 'PT. TELKOMSEL', 'Tinongo RT.03 RW.02', 156, 72, 'Menara Tunggal', 'Pedesaan', 'Menara 4 Kaki', 1701150),
(267, 'PT. TOWER BERSAMA', 'Dusun Bandung RT.01 RW.04', 172, 42, 'Menara Tunggal', 'Perdesaan', 'Menara 4 Kaki', 1701150),
(268, 'PT. TOWER BERSAMA', 'Dusun Dokoro RT.05 RW.04', 86, 42, 'Menara Bersama', 'Perdesaan', 'Menara 4 Kaki', 1701150),
(269, 'PT. TOWER BERSAMA', 'Dusun Jeblongan RT.06 RW.09', 242, 42, 'Menara Bersama', 'Pedesaan', 'Menara 4 Kaki', 1701150),
(270, 'PT. TOWER BERSAMA', 'Dusun Mulungan RT.002 RW.004 ', 178, 42, 'Menara Bersama', 'Pedesaan', 'Menara 4 Kaki', 1701150),
(271, 'PT. TOWER BERSAMA', 'Dusun Ngawen RT.002 RW.006', 62, 42, 'Menara Bersama', 'Perkotaan', 'Menara 4 Kaki', 1701150),
(272, 'PT. TOWER BERSAMA', 'Dusun Karang RT.012 RW.001 ', 147, 42, 'Menara Bersama', 'Perdesaan', 'Menara 4 Kaki', 1701150),
(273, 'PT. TOWER BERSAMA', 'Dusun Doplang RT.001 RW.004', 202, 42, 'Menara Bersama', 'Pedesaan', 'Menara 4 Kaki', 1701150),
(274, 'PT. TOWER BERSAMA', 'Dusun Ngagel RT.01 RW.01', 107, 42, 'Menara Bersama', 'Perdesaan', 'Menara 4 Kaki', 1701150),
(275, 'PT. TOWER BERSAMA', 'Dapurno RT.03 RW.05 ', 85, 42, 'Menara Bersama', 'Perdesaan', 'Menara 4 Kaki', 1701150),
(276, 'PT. TOWER BERSAMA', 'Dusun Ngerdemak RT.003 RW.003 ', 75, 42, 'Menara Bersama', 'Perdesaan', 'Menara 4 Kaki', 1701150),
(277, 'PT. PROTELINDO', 'Dusun Beru', 88, 50, 'Menara Bersama', 'Perdesaan', 'Menara 3 Kaki', 1623825),
(278, 'PT. PROTELINDO', 'Dusun Kedung', 240, 70, 'Menara Tunggal', 'Perdesaan', 'Menara 3 Kaki', 1623825),
(279, 'PT. PROTELINDO', 'Dusun Kedung', 240, 70, 'Menara Tunggal', 'Perdesaan', 'Menara 3 Kaki', 1623825),
(280, 'PT. PROTELINDO', 'Dusun Dawung RT.01 RW.II', 55, 70, 'Menara Tunggal', 'Pedesaan', 'Menara 3 Kaki', 1623825),
(281, 'PT. PROTELINDO', 'Dusun Gedong RT.01 RW.IV', 99, 70, 'Menara Bersama', 'Perdesaan', 'Menara 3 Kaki', 1623825),
(282, 'PT. PROTELINDO', 'Dusun Gedong 01/IV', 258, 70, 'Menara Tunggal', 'Perdesaan', 'Menara 3 Kaki', 1623825),
(283, 'PT. PROTELINDO', 'Bago RT.02 RW.IV ', 99, 70, 'Menara Tunggal', 'Perdesaan', 'Menara 3 Kaki', 1623825),
(284, 'PT. PROTELINDO', 'Dusun Sendangsuro', 15, 70, 'Menara Bersama', 'Perdesaan', 'Menara 3 Kaki', 1623825),
(285, 'PT. PROTELINDO', 'Ngaringan RT.05 RW.01', 20, 65, 'Menara Tunggal', 'Perdesaan', 'Menara 3 Kaki', 1623825),
(286, 'PT. PROTELINDO', 'Tawangharjo RT.04 RW.02', 223, 62, 'Menara Tunggal', 'Pedesaan', 'Menara 3 Kaki', 1623825),
(287, 'PT. PROTELINDO', 'Kp. Danyang RT.02 RW.01', 199, 32, 'Menara Tunggal', 'Perkotaan', 'Menara 3 Kaki', 1469175),
(288, 'PT. PROTELINDO', 'Dusun Lestari RT.03 RW.01', 42, 52, 'Menara Bersama', 'Perdesaan', 'Menara 3 Kaki', 1623825),
(289, 'PT. PROTELINDO', 'Jl. Teuku Umar No. 12 RT.001 RW.005', 98, 71, 'Menara Tunggal', 'Perdesaan', 'Menara 3 Kaki', 1623825),
(290, 'PT. DAYAMITRA TELEKOMUNIKASI', 'Dusun Sengon RT.05 RW.05', 150, 42, 'Menara Tunggal', 'Perdesaan', 'Menara 4 Kaki', 1701150),
(291, 'PT. DAYAMITRA TELEKOMUNIKASI', 'Dusun Bogor RT.003 RW.003', 78, 42, 'Menara Tunggal', 'Pedesaan', 'Menara 4 Kaki', 1701150),
(292, 'PT. DAYAMITRA TELEKOMUNIKASI', 'Dusun Linduk RT.001 RW.007 ', 227, 52, 'Menara Tunggal', 'Perdesaan', 'Menara 3 Kaki', 1623825),
(293, 'PT. TELKOMSEL', 'Dusun Sidomulyo RT.05 RW.03', 234, 72, 'Menara Tunggal', 'Perdesaan', 'Menara 4 Kaki', 1701150),
(294, 'PT. INTI BANGUN SEJAHTERA, Tbk', 'Jl. Raya Karangrayung-Godong No. 22', 81, 72, 'Menara Bersama', 'Perdesaan', 'Menara 4 Kaki', 1701150),
(295, 'PT. INTI BANGUN SEJAHTERA, Tbk', 'Dusun Genden RT.02 RW.02', 68, 82, 'Menara Bersama', 'Perdesaan', 'Menara 4 Kaki', 1701150),
(296, 'PT. INTI BANGUN SEJAHTERA, Tbk', 'Dusun Jangansari RT.02 RW.09', 134, 72, 'Menara Bersama', 'Perdesaan', 'Menara 4 Kaki', 1701150),
(297, 'PT. INTI BANGUN SEJAHTERA, Tbk', 'Kalongan RT.003 RW.001', 203, 72, 'Menara Bersama', 'Perdesaan', 'Menara 4 Kaki', 1546500),
(298, 'PT. INTI BANGUN SEJAHTERA, Tbk', 'Dusun Ngemplak RT.004 RW.002', 248, 72, 'Menara Bersama', 'Perdesaan', 'Menara 4 Kaki', 1701150),
(299, 'PT. INTI BANGUN SEJAHTERA, Tbk', 'Dukuh Gundik RT.01 RW.02', 154, 82, 'Menara Tunggal', 'Perdesaan', 'Menara 4 Kaki', 1701150),
(300, 'PT. INTI BANGUN SEJAHTERA, Tbk', 'Dusun Ngramut', 257, 72, 'Menara Tunggal', 'Perdesaan', 'Menara 4 Kaki', 1701150),
(301, 'PT. INTI BANGUN SEJAHTERA, Tbk', 'Dusun Gedangan RT.02 RW.07', 164, 72, 'Menara Tunggal', 'Perdesaan', 'Menara 4 Kaki', 1701150),
(302, 'PT. INTI BANGUN SEJAHTERA, Tbk', 'Dusun Karangsari RT.01 RW.01', 253, 72, 'Menara Tunggal', 'Perdesaan', 'Menara 4 Kaki', 1701150),
(303, 'PT. INTI BANGUN SEJAHTERA, Tbk', 'Dusun Dalingan RT.001 RW.003', 223, 72, 'Menara Tunggal', 'Perdesaan', 'Menara 4 Kaki', 1701150),
(304, 'PT. INTI BANGUN SEJAHTERA, Tbk', 'Dusun Jembar RT.01 RW.01', 13, 72, 'Menara Tunggal', 'Perdesaan', 'Menara 4 Kaki', 1701150),
(305, 'PT. INTI BANGUN SEJAHTERA, Tbk', 'Dukuh Pulorejo RT.04 RW.04', 104, 72, 'Menara Tunggal', 'Perdesaan', 'Menara 4 Kaki', 1701150),
(306, 'PT. INTI BANGUN SEJAHTERA, Tbk', 'Jl. Dampak RT.01 RW.02 ', 168, 72, 'Menara Tunggal', 'Perdesaan', 'Menara 4 Kaki', 1701150),
(307, 'PT. INTI BANGUN SEJAHTERA, Tbk', 'Dusun Krajan RT.006 RW.002', 0, 52, 'Menara Tunggal', 'Perdesaan', 'Menara 4 Kaki', 1701150),
(308, 'PT. INTI BANGUN SEJAHTERA, Tbk', 'Dusun Logender RT.01 RW.11', 125, 62, 'Menara Bersama', 'Perdesaan', 'Menara 4 Kaki', 1701150),
(309, 'PT. INTI BANGUN SEJAHTERA, Tbk', 'Dusun Kembangan Utara RT.03 RW.07', 121, 62, 'Menara Bersama', 'Perdesaan', 'Menara 4 Kaki', 1701150),
(310, 'PT. INTI BANGUN SEJAHTERA, Tbk', 'Dusun Medang RT.01 RW.06', 80, 62, 'Menara Tunggal', 'Perdesaan', 'Menara 4 Kaki', 1701150),
(311, 'PT. INTI BANGUN SEJAHTERA, Tbk', 'Dusun Klatak RT.01 RW.04', 145, 72, 'Menara Bersama', 'Perdesaan', 'Menara 4 Kaki', 1701150),
(312, 'PT. INTI BANGUN SEJAHTERA, Tbk', 'Dusun Kenteng RT.02 RW.07', 243, 62, 'Menara Bersama', 'Perdesaan', 'Menara 4 Kaki', 1701150),
(313, 'PT. INTI BANGUN SEJAHTERA, Tbk', 'Dusun Legundi RT.01 RW.05', 116, 62, 'Menara Tunggal', 'Perdesaan', 'Menara 4 Kaki', 1701150),
(314, 'PT. INTI BANGUN SEJAHTERA, Tbk', 'Dusun Getas RT.001 RW.004', 84, 62, 'Menara Bersama', 'Pedesaan', 'Menara 4 Kaki', 1701150),
(315, 'PT. INTI BANGUN SEJAHTERA, Tbk', 'Dusun Getas RT.001 RW.004', 84, 62, 'Menara Tunggal', 'Perdesaan', 'Menara 4 Kaki', 1701150),
(316, 'PT. INTI BANGUN SEJAHTERA, Tbk', 'Dusun Gebong RT.001 RW.006', 258, 72, 'Menara Bersama', 'Perdesaan', 'Menara 4 Kaki', 1701150),
(317, 'PT. INTI BANGUN SEJAHTERA, Tbk', 'Latak RT.003 RW.002', 185, 52, 'Menara Tunggal', 'Perdesaan', 'Menara 4 Kaki', 1701150),
(318, 'PT. INTI BANGUN SEJAHTERA, Tbk', 'Jl. Kol. Sugiyono No. 27 RT.05 RW.05', 197, 60, 'Menara Tunggal', 'Perkotaan', 'Menara 4 Kaki', 1546500),
(319, 'PT. INTI BANGUN SEJAHTERA, Tbk', 'Jl. Pemuda No. 15 Gubug RT.03 RW.05', 129, 60, 'Menara Tunggal', 'Perdesaan', 'Menara 4 Kaki', 1701150),
(320, 'PT. INTI BANGUN SEJAHTERA', 'Jl. Siswa Wirosari RT.06 RW.02', 98, 60, 'Menara Tunggal', 'Perdesaan', 'Menara 4 Kaki', 1701150),
(321, 'PT. INTI BANGUN SEJAHTERA, Tbk', 'Dusun Ngepungan RT.004 RW.003', 157, 72, 'Menara Tunggal', 'Perdesaan', 'Menara 4 Kaki', 1701150),
(322, 'PT. INTI BANGUN SEJAHTERA, Tbk', 'Dusun Larangan RT.004 RW.003', 72, 62, 'Menara Tunggal', 'Perdesaan', 'Menara 4 Kaki', 1701150),
(323, 'PT. INTI BANGUN SEJAHTERA, Tbk', 'Dusun Langenharjo RT.05 RW.06', 105, 62, 'Menara Bersama', 'Perdesaan', 'Menara 4 Kaki', 1701150),
(324, 'PT. INTI BANGUN SEJAHTERA, Tbk', 'Dusun Jangkung RT.002 RW.010 ', 215, 62, 'Menara Bersama', 'Perdesaan', 'Menara 4 Kaki', 1701150),
(325, 'PT. INTI BANGUN SEJAHTERA, Tbk', 'Dusun Tarub RT.011 RW.003 ', 222, 62, 'Menara Bersama', 'Perdesaan', 'Menara 4 Kaki', 1701150),
(326, 'PT. INTI BANGUN SEJAHTERA, Tbk', 'Kaliwenang RT.005 RW.003', 46, 62, 'Menara Bersama', 'Perdesaan', 'Menara 4 Kaki', 1701150),
(327, 'PT. INTI BANGUN SEJAHTERA, Tbk', 'Dusun Ngrowo RT.001 RW.007 ', 231, 52, 'Menara Bersama', 'Perdesaan', 'Menara 4 Kaki', 1701150),
(328, 'PT. INTI BANGUN SEJAHTERA, Tbk', 'Kalongan RT.003 RW.001', 203, 72, 'Menara Bersama', 'Perdesaan', 'Menara 4 Kaki', 1546500),
(329, 'PT. TELKOM', 'Jl. Jendral Sudirman No. 181 Godong', 173, 42, 'Menara Tunggal', 'Perdesaan', 'Menara 4 Kaki', 1701150),
(330, 'PT. TELKOM', 'Jl. Ahmad Yani No. 2 Gubug', 129, 72, 'Menara Tunggal', 'Perdesaan', 'Menara 4 Kaki', 1701150),
(331, 'PT. TELKOM', 'Jl. Letjen R. Suparpto No. 124 Purwodadi', 197, 82, 'Menara Tunggal', 'Perdesaan', 'Menara 4 Kaki', 1546500),
(332, 'PT. TELKOM', 'Jl. Raya Solo Sindurejo ', 0, 38, 'Menara Tunggal', 'Perdesaan', 'Menara 4 Kaki', 1701150),
(333, 'PT. TELKOM', 'Jl. P. Diponegoro No. 1', 89, 52, 'Menara Tunggal', 'Perdesaan', 'Menara 4 Kaki', 1701150),
(334, 'PT. TELKOM', 'Jl. Raya Solo Sindurejo', 248, 38, 'Menara Tunggal', 'Perdesaan', 'Menara 4 Kaki', 1701150),
(335, 'PT. SOLUSI MENARA INDONESIA', 'Jl. Kalongan Krajan Gang Pegunting RT.05/01', 203, 52, 'Menara Bersama', 'Perkotaan', 'Menara 4 Kaki', 1546500),
(336, 'PT. INDOSAT, Tbk', 'Jl. Raya Kapung RT.03 RW.04', 234, 72, 'Menara Tunggal', 'Perdesaan', 'Menara 4 Kaki', 1701150),
(337, 'PT. INDOSAT, Tbk', 'Singopranan RT.02 RW.01', 16, 70, 'Menara Tunggal', 'Perdesaan', 'Menara 4 Kaki', 1701150),
(338, 'PT. CENTRATAMA MENARA INDONESIA', 'Jl. Godong Juwangi RT.02 RW.02', 72, 72, 'Menara Tunggal', 'Perdesaan', 'Menara 4 Kaki', 1701150),
(339, 'PT. CENTRATAMA MENARA INDONESIA', 'Jl. Mojo Desa Kramat RT.02 RW.01', 267, 42, 'Menara Tunggal', 'Perdesaan', 'Menara 4 Kaki', 1701150),
(340, 'PT. CENTRATAMA MENARA INDONESIA', 'Dusun Gebangan RT.07 RW.02', 30, 42, 'Menara Tunggal', 'Perdesaan', 'Menara 4 Kaki', 1701150),
(341, 'PT. CENTRATAMA MENARA INDONESIA', 'Dusun Sanggrak RT.04 RW.01', 150, 62, 'Menara Tunggal', 'Perdesaan', 'Menara 4 Kaki', 1701150),
(342, 'PT. CENTRATAMA MENARA INDONESIA', 'Dusun Krajan Lor RT.005 RW.003', 125, 52, 'Menara Tunggal', 'Perdesaan', 'Menara 3 Kaki', 1623825),
(343, 'PT. CENTRATAMA MENARA INDONESIA', 'Dusun Kalipang RT.01 RW.01 ', 4, 52, 'Menara Tunggal', 'Perdesaan', 'Menara 3 Kaki', 1623825),
(344, 'PT. CENTRATAMA MENARA INDONESIA', 'Tambakselo RT.01 RW.02', 95, 52, 'Menara Tunggal', 'Perdesaan', 'Menara 3 Kaki', 1623825),
(345, 'PT. ERA BANGUN TOWERINDO', 'Dusun Guyangan RT.001 RW.001', 176, 42, 'Menara Tunggal', 'Perdesaan', 'Menara 4 Kaki', 1701150),
(346, 'PT. PROTELINDO', 'Dusun Angkatan RT.07 RW. III', 92, 60, 'Menara Bersama', 'Perdesaan', 'Menara 3 Kaki', 1623825),
(347, 'PT. PERSADA SOKKA TAMA', 'Dusun Harjowinangun RT.07 RW.08', 236, 52, 'Menara Tunggal', 'Perdesaan', 'Menara 3 Kaki', 1623825),
(348, 'PT. GIHON TELEKOMUNIKASI INDONESIA', 'Dusun Ngablak RT.015  RW.03', 210, 51, 'Menara Tunggal', 'Perkotaan', 'Menara 3 Kaki', 1623825),
(349, 'PT. INTI BANGUN SEJAHTERA, Tbk', 'Dusun Tlogotanjung RT.001 RW.003', 43, 52, 'Menara Bersama', 'Perdesaan', 'Menara 4 Kaki', 1701150),
(350, 'PT. INTI BANGUN SEJAHTERA, Tbk', 'Dusun Cekel RT.001 RW.002', 66, 36, 'Menara Tunggal', 'Perdesaan', 'Menara 4 Kaki', 1701150),
(351, 'PT. INTI BANGUN SEJAHTERA, Tbk', 'Dusun Temurejo RT.002 RW.001', 83, 36, 'Menara Tunggal', 'Perdesaan', 'Menara 4 Kaki', 1701150),
(352, 'PT. INTI BANGUN SEJAHTERA, Tbk', 'Dusun Nanggung RT.006 RW.002', 73, 52, 'Menara Tunggal', 'Perdesaan', 'Menara 4 Kaki', 1701150),
(353, 'PT. INTI BANGUN SEJAHTERA, Tbk', 'Dusun Ngrandu RT.001 RW.005 ', 124, 52, 'Menara Tunggal', 'Perdesaan', 'Menara 4 Kaki', 1701150),
(354, 'PT. INTI BANGUN SEJAHTERA, Tbk', 'Dusun Taruman RT.003 RW.002 ', 166, 36, 'Menara Tunggal', 'Perdesaan', 'Menara 4 Kaki', 1701150),
(355, 'PT. INTI BANGUN SEJAHTERA, Tbk', 'Dusun Karangwader RT.04 RW.05', 264, 36, 'Menara Tunggal', 'Perdesaan', 'Menara 4 Kaki', 1701150),
(356, 'PT. INTI BANGUN SEJAHTERA, Tbk', 'Dusun Banyuurip RT.02 RW.06', 0, 42, 'Menara Tunggal', 'Perdesaan', 'Menara 4 Kaki', 1701150),
(357, 'PT. INTI BANGUN SEJAHTERA, Tbk', 'Dusun Banyu Urip RT.02 RW.06', 101, 42, 'Menara Tunggal', 'Perkotaan', 'Menara 4 Kaki', 1701150),
(358, 'PT. INTI BANGUN SEJAHTERA, Tbk', 'Dusun Krajan Kidul RT.06 RW.03', 125, 42, 'Menara Tunggal', 'Perdesaan', 'Menara 4 Kaki', 1701150),
(359, 'PT. INTI BANGUN SEJAHTERA, Tbk', 'Dusun Sawit RT.03 RW.01', 96, 52, 'Menara Bersama', 'Perdesaan', 'Menara 4 Kaki', 1701150),
(360, 'PT. INTI BANGUN SEJAHTERA, Tbk', 'Dusun Godan Barat RT.05 RW.01', 214, 42, 'Menara Tunggal', 'Perdesaan', 'Menara 4 Kaki', 1701150),
(361, 'PT. INTI BANGUN SEJAHTERA, Tbk', 'Dusun Goleng RT.02 RW.04', 167, 42, 'Menara Bersama', 'Perdesaan', 'Menara 4 Kaki', 1701150),
(362, 'PT. INTI BANGUN SEJAHTERA, Tbk', 'Dusun Beber RT.04 RW.02', 217, 36, 'Menara Tunggal', 'Perdesaan', 'Menara 4 Kaki', 1701150),
(363, 'PT. INTI BANGUN SEJAHTERA, Tbk', 'Dusun Sukoharjo RT.008 RW.005', 244, 52, 'Menara Tunggal', 'Perdesaan', 'Menara 4 Kaki', 1701150),
(364, 'PT. INTI BANGUN SEJAHTERA, Tbk', 'Dusun Krajan II RT.001 RW.002', 18, 36, 'Menara Tunggal', 'Perdesaan', 'Menara 4 Kaki', 1701150),
(365, 'PT. INTI BANGUN SEJAHTERA, Tbk', 'Dusun Pendem RT.001 RW.003', 257, 42, 'Menara Tunggal', 'Perdesaan', 'Menara 4 Kaki', 1701150),
(366, 'PT. INTI BANGUN SEJAHTERA, Tbk', 'Dusun Seno RT.004 RW.005', 15, 42, 'Menara Bersama', 'Perdesaan', 'Menara 4 Kaki', 1701150),
(367, 'PT. INTI BANGUN SEJAHTERA, Tbk', 'Dusun Tanggung RT.003 RW.001', 219, 36, 'Menara Tunggal', 'Perdesaan', 'Menara 4 Kaki', 1701150),
(368, 'PT. INTI BANGUN SEJAHTERA, Tbk', 'Dusun Krajan RT.002 RW.002 ', 51, 36, 'Menara Tunggal', 'Perdesaan', 'Menara 4 Kaki', 1701150),
(369, 'PT. INTI BANGUN SEJAHTERA, Tbk', 'Dusun Bungkel RT.006 RW.005 ', 74, 42, 'Menara Tunggal', 'Perdesaan', 'Menara 4 Kaki', 1701150),
(370, 'PT. INTI BANGUN SEJAHTERA, Tbk', 'Dusun Sukorejo RT.002 RW.010', 117, 36, 'Menara Tunggal', 'Perdesaan', 'Menara 4 Kaki', 1701150),
(371, 'PT. DAYAMITRA GELEKOMUNIKASI', 'Jl. Banyuono No. 15 RT.001 RW.016', 197, 15, 'Menara Tunggal', 'Perkotaan', 'Menara Pole', 1391850),
(372, 'PT. DAYAMITRA TELEKOMUNIKASI', 'Plendungan RT.05 RW.01', 198, 42, 'Menara Bersama', 'Perkotaan', 'Menara 4 Kaki', 1546500),
(373, 'PT. TOWER BERSAMA', 'Bantengmati RT.05 RW.04 ', 205, 42, 'Menara Tunggal', 'Perkotaan', 'Menara 4 Kaki', 1546500),
(374, 'PT. TOWER BERSAMA', 'Karanglangu RT.04 RW.07', 57, 52, 'Menara Bersama', 'Perdesaan', 'Menara 4 Kaki', 1701150),
(375, 'PT. CENTRATAMA MENARA INDONESIA', 'Trisari RT.001 RW.004', 146, 42, 'Menara Tunggal', 'Perdesaan', 'Menara 3 Kaki', 1623825),
(376, 'PT. INTI BANGUN SEJAHTERA, Tbk', 'Dusun Krajan RT.006 RW.002', 26, 52, 'Menara Bersama', 'Perdesaan', 'Menara 4 Kaki', 1701150),
(377, 'PT. TELKOMSEL', 'Tinongo RT.03 RW.02', 155, 72, 'Menara Tunggal', 'Perdesaan', 'Menara 4 Kaki', 1701150),
(378, 'PT. TELKOMSEL', 'Dusun Bayo RT.002 RW.008', 154, 42, 'Menara Bersama', 'Perdesaan', 'Menara 3 Kaki', 1623825),
(379, 'PT. INTI BANGUN SEJAHTERA, Tbk', 'Gabahan RT.015 RW.003', 44, 42, 'Menara Bersama', 'Perdesaan', 'Menara 4 Kaki', 1701150),
(380, 'PT. INTI BANGUN SEJAHTERA, Tbk', 'Dusun Plumpung RT.001 RW.002', 216, 42, 'Menara Bersama', 'Perdesaan', 'Menara 4 Kaki', 1701150),
(381, 'PT. INTI BANGUN SEJAHTERA, Tbk', 'Dusun Pancur RT.010 RW.002 ', 228, 42, 'Menara Bersama', 'Perdesaan', 'Menara 4 Kaki', 1701150),
(382, 'PT. XL. AXIATA', 'Jl. Triching RT.07 RW.02  Dsn. Keduwung', 81, 71, 'Menara Bersama', 'Perdesaan', 'Menara 4 Kaki', 1701150),
(383, 'PT. XL.AXIATA Akuisisi PT. PROTELINDO', 'Jl. Pemuda No. 15 RT.03 RW.05 Gubug', 129, 71, 'Menara Tunggal', 'Perkotaan', 'Menara 3 Kaki', 1623825),
(384, 'PT. INDOSAT, Tbk AKUISISI PT. MITRATEL', 'Jl. Brigjen Katamso No. 53 Purwodadi', 197, 52, 'Menara Bersama', 'Perkotaan', 'Menara 4 Kaki', 1546500),
(385, 'PT. INDOSAT, Tbk AKUISISI PT. MITRATEL', 'Jl. Raya Tegowanu Wetan RT.04 RW.01', 42, 70, 'Menara Tunggal', 'Perdesaan', 'Menara 4 Kaki', 1701150),
(386, 'PT. INDOSAT, Tbk AKUISISI PT. MITRATEL', 'Desa Kronggen RT.01 RW.01', 255, 72, 'Menara Tunggal', 'Perdesaan', 'Menara 4 Kaki', 1701150),
(387, 'PT. INDOSAT, Tbk AKUISISI PT. MITRATEL', 'Jl. Purwodadi-Kudus KM 16 RT.01 RW.05', 162, 72, 'Menara Tunggal', 'Perdesaan', 'Menara 4 Kaki', 1701150),
(388, 'PT. INDOSAT, Tbk AKUISISI PT. MITRATEL', 'Jl. Raya Kapung RT.03 RW.04', 47, 72, 'Menara Tunggal', 'Perdesaan', 'Menara 4 Kaki', 1701150),
(389, 'PT. INDOSAT, Tbk AKUISISI PT. MITRATEL', 'Grasak RT.02 RW.04', 99, 72, 'Menara Tunggal', 'Perdesaan', 'Menara 4 Kaki', 1701150),
(390, 'PT. INDOSAT, Tbk AKUISISI PT. MITRATEL', 'Jl. Raya Godong Karangrayung Dukuh Kerep RT.08 RW.02', 169, 72, 'Menara Tunggal', 'Perdesaan', 'Menara 4 Kaki', 1701150),
(391, 'PT. INDOSAT, Tbk AKUISISI PT. MITRATEL', 'Pendem RT.04 RW.02', 21, 72, 'Menara Tunggal', 'Perdesaan', 'Menara 4 Kaki', 1701150),
(392, 'PT. INDOSAT, TBk AKUISISI PT. MITRATEL', 'Dusun Singgot RT.01 RW.10', 113, 72, 'Menara Tunggal', 'Perdesaan', 'Menara 4 Kaki', 1701150),
(393, 'PT. INDOSAT, Tbk AKUISISI PT. MITRATEL', 'Dusun Pojok RT.01 RW.06', 214, 72, 'Menara Tunggal', 'Perdesaan', 'Menara 4 Kaki', 1701150),
(394, 'PT. INDOSAT, Tbk AKUISISI PT. PROTELINDO', 'Singopranan AMPEL GABUS RT.07 RW.03', 8, 72, 'Menara Tunggal', 'Perdesaan', 'Menara 4 Kaki', 1701150),
(395, 'PT. INDOSAT, Tbk AKUISISI PT. PROTELINDO', 'SINGOPRANAN RT.02 RW.01 ', 16, 70, 'Menara Tunggal', 'Perdesaan', 'Menara 4 Kaki', 1701150),
(396, 'PT. INDOSAT, Tbk AKUISISI PT. PROTELINDO', 'Jl. Pandanharum Ampel Gabus RT. 07 RW.03', 8, 72, 'Menara Tunggal', 'Perdesaan', 'Menara 4 Kaki', 1701150),
(397, 'PT. INDOSAT, Tbk AKUISISI PT. MITRATEL', 'Dusun Banjarejo RT.03 RW.01', 1, 72, 'Menara Tunggal', 'Perdesaan', 'Menara 4 Kaki', 1701150),
(398, 'PT. DAYAMITRA TELEKOMUNIKASI AKUISISI PT. TELKOMSEL', 'Dusun Truwili RT.08 RW.11', 0, 72, 'Menara Tunggal', 'Perdesaan', 'Menara 4 Kaki', 1701150),
(399, 'PT. DAYAMITRA TELEKOMUNIKASI AKUISISI PT. TELKOMSEL', 'Dusun Truwiili RT.08 RW.11', 239, 72, 'Menara Tunggal', 'Perdesaan', 'Menara 4 Kaki', 1701150),
(400, 'PT. Telkomsel', 'Dusun Taruman RT.01 RW.02', 166, 42, 'Menara Tunggal', 'Perdesaan', 'Menara 3 Kaki', 1623825),
(401, 'PT. TOWER BERSAMA', 'Dusun Selo Krajan RT.001 RW.003', 221, 42, 'Menara Bersama', 'Perdesaan', 'Menara 3 Kaki', 1623825),
(402, 'PT. TOWER BERSAMA', 'Dusun Krajan RT.001 RW.001', 124, 42, 'Menara Bersama', 'Perdesaan', 'Menara 4 Kaki', 1701150),
(403, 'PT. TOWER BERSAMA', 'Dusun Selo Krajan RT.001 RW.003', 221, 42, 'Menara Bersama', 'Pedesaan', 'Menara 4 Kaki', 1701150),
(404, 'PT. TOWER BERSAMA', 'Dusun Gayas RT.03 RW.05 ', 140, 42, 'Menara Bersama', 'Perdesaan', 'Menara 4 Kaki', 1701150),
(405, 'PT. TOWER BERSAMA', 'Dusun Krajan RT.001 RW.001', 117, 42, 'Menara Bersama', 'Perdesaan', 'Menara 4 Kaki', 1701150),
(406, 'PT. TOWER BERSAMA', 'Dusun Krajan RT.001 RW.001 ', 117, 42, 'Menara Bersama', 'Perdesaan', 'Menara 3 Kaki', 1623825),
(407, 'PT. TOWER BERSAMA', 'Dusun Doplang RT.001 RW.001', 35, 42, 'Menara Bersama', 'Perdesaan', 'Menara 3 Kaki', 1623825),
(408, 'PT. TOWER BERSAMA', 'Dusun Sambung RT.01 RW.05', 163, 42, 'Menara Bersama', 'Perdesaan', 'Menara 3 Kaki', 1623825),
(409, 'PT. TOWER BERSAMA', 'Dusun Sidorejo RT.002 RW.002', 124, 42, 'Menara Bersama', 'Perdesaan', 'Menara 4 Kaki', 1701150),
(410, 'PT. TOWER BERSAMA', 'Jl. P. Puger RT.01 RW.01 ', 225, 42, 'Menara Bersama', 'Perdesaan', 'Menara 4 Kaki', 1701150),
(411, 'PT. TOWER BERSAMA', 'Jl. Gajhamada RT.06 RW.01', 198, 52, 'Menara Bersama', 'Perkotaan', 'Menara 4 Kaki', 1546500),
(412, 'PT. TOWER BERSAMA', 'Dusun Krajan RT.07 RW.01 ', 100, 42, 'Menara Bersama', 'Perdesaan', 'Menara 4 Kaki', 1701150),
(413, 'PT. TOWER BERSAMA', 'Dukuh Sengon Wetan RT.07 RW.01 ', 110, 62, 'Menara Bersama', 'Perdesaan', 'Menara 4 Kaki', 1701150),
(414, 'PT. TOWER BERSAMA', 'Kampung Purwosari RT.02 RW.04', 0, 62, 'Menara Bersama', 'Perdesaan', 'Menara 4 Kaki', 1701150),
(415, 'PT. TOWER BERSAMA', 'Kampung Purwosari RT.02 RW.04', 0, 62, 'Menara Bersama', 'Perdesaan', 'Menara 4 Kaki', 1701150),
(416, 'PT. TOWER BERSAMA', 'Dukuh Kernekan RT.08 RW.06', 251, 52, 'Menara Bersama', 'Perdesaan', 'Menara 4 Kaki', 1701150);
INSERT INTO `tb_menara` (`idMenara`, `namaMenara`, `alamatMenara`, `idDesa`, `tinggiMenara`, `jenisMenara`, `zonasi`, `pole`, `tarifRetribusi`) VALUES
(417, 'PT. TOWER BERSAMA', 'Kampung Purwasari RT.02 RW.04', 134, 62, 'Menara Bersama', 'Perdesaan', 'Menara 4 Kaki', 1701150),
(418, 'PT. TOWER BERSAMA', 'Dukuh Cangkring RT.11 RW.03', 45, 52, 'Menara Bersama', 'Perdesaan', 'Menara 4 Kaki', 1701150),
(419, 'PT. TOWER BERSAMA', 'Dukuh Lodran RT.05 RW.06', 116, 52, 'Menara Bersama', 'Perdesaan', 'Menara 4 Kaki', 1701150),
(420, 'PT. TOWER BERSAMA', 'Dukuh Gade RT.05 RW.03', 219, 62, 'Menara Bersama', 'Perdesaan', 'Menara 4 Kaki', 1701150),
(421, 'PT. INTI BANGUN SEJAHTERA, Tbk', 'Dusun Jetis RT.02 RW.05', 242, 42, 'Menara Tunggal', 'Perdesaan', 'Menara 4 Kaki', 1701150),
(422, 'PT. INTI BANGUN SEJAHTERA, Tbk', 'Dusun Trisik RT.08 RW.01 ', 222, 42, 'Menara Tunggal', 'Perdesaan', 'Menara 4 Kaki', 1701150),
(423, 'PT. INTI BANGUN SEJAHTERA, Tbk', 'Dusun Tegalsumur RT.01 RW.01', 258, 42, 'Menara Tunggal', 'Perdesaan', 'Menara 4 Kaki', 1701150),
(424, 'PT. INTI BANGUN SEJAHTERA, Tbk', 'Dusun Karangtalun RT.04 RW.03', 118, 42, 'Menara Tunggal', 'Perdesaan', 'Menara 4 Kaki', 1701150),
(425, 'PT. INTI BANGUN SEJAHTERA, Tbk', 'Dusun Sodo RT.04 RW.07', 97, 42, 'Menara Tunggal', 'Perdesaan', 'Menara 4 Kaki', 1701150),
(426, 'PT. INTI BANGUN SEJAHTERA, Tbk', 'Dusun Dempel RT.01 RW.03 ', 67, 42, 'Menara Tunggal', 'Perdesaan', 'Menara 4 Kaki', 1701150),
(427, 'PT. INTI BANGUN SEJAHTERA, Tbk', 'Dusun Lengkong RT.04 RW.05', 72, 42, 'Menara Tunggal', 'Perdesaan', 'Menara 4 Kaki', 1701150),
(428, 'PT. INTI BANGUN SEJAHTERA, Tbk', 'Dusun Krajan RT.06 RW.01', 241, 42, 'Menara Tunggal', 'Perdesaan', 'Menara 4 Kaki', 1701150),
(429, 'PT. INTI BANGUN SEJAHTERA, Tbk', 'Dusun Pengkol RT.05 RW.05', 238, 42, 'Menara Tunggal', 'Perdesaan', 'Menara 4 Kaki', 1701150),
(430, 'PT. INTI BANGUN SEJAHTERA, Tbk', 'Dusun Wates RT.01 RW.04 ', 105, 42, 'Menara Tunggal', 'Perdesaan', 'Menara 4 Kaki', 1701150),
(431, 'PT. INTI BANGUN SEJAHTERA, Tbk', 'Dusun Sambung RT.01 RW.05', 190, 42, 'Menara Tunggal', 'Perdesaan', 'Menara 4 Kaki', 1701150),
(432, 'PT. INTI BANGUN SEJAHTERA, Tbk', 'Dusun Gumukrejo RT.04 RW.07', 58, 45, 'Menara Tunggal', 'Perdesaan', 'Menara 4 Kaki', 1701150),
(433, 'PT. INTI BANGUN SEJAHTERA, Tbk', 'Jeketro RT.004 RW.003', 131, 42, 'Menara Tunggal', 'Perdesaan', 'Menara 3 Kaki', 1623825),
(434, 'PT. INTI BANGUN SEJAHTERA, Tbk', 'Dusun Kandangan RT.001 RW.004', 204, 45, 'Menara Tunggal', 'Perdesaan', 'Menara 3 Kaki', 1623825),
(435, 'PT. INTI BANGUN SEJAHTERA, Tbk', 'Dusun Pahesan RT.04 RW.01 ', 188, 42, 'Menara Tunggal', 'Perdesaan', 'Menara 3 Kaki', 1623825),
(436, 'PT. INTI BANGUN SEJAHTERA, Tbk', 'Dusun Ngampel RT.01 RW.05', 217, 45, 'Menara Tunggal', 'Perdesaan', 'Menara 3 Kaki', 1623825),
(437, 'PT. INTI BANGUN SEJAHTERA, Tbk', 'Tegowanu Kulon RT.09 RW.01', 41, 42, 'Menara Tunggal', 'Perdesaan', 'Menara 3 Kaki', 1623825),
(438, 'PT. INTI BANGUN SEJAHTERA, Tbk', 'Dusun Ringin Lor RT.02 RW.02', 140, 42, 'Menara Tunggal', 'Perdesaan', 'Menara 3 Kaki', 1623825),
(439, 'PT. CENTRATAMA MENARA INDONESIA', 'Dusun Ngemplak RT.01 RW.06', 123, 52, 'Menara Bersama', 'Perdesaan', 'Menara 4 Kaki', 1701150),
(440, 'PT. CENTRATAMA MENARA INDONESIA', 'Dusun Pangkalan RT.08 RW.02 ', 76, 52, 'Menara Bersama', 'Perdesaan', 'Menara 3 Kaki', 1623825),
(441, 'PT. CENTRATAMA MENARA INDONESIA', 'Dusun Bogor RT.01 RW.03 ', 78, 52, 'Menara Tunggal', 'Perdesaan', 'Menara 3 Kaki', 1623825),
(442, 'PT. CENTRATAMA MENARA INDONESIA', 'Mllilir RT.01 RW.06 ', 135, 52, 'Menara Tunggal', 'Perdesaan', 'Menara 3 Kaki', 1623825),
(443, 'PT. CENTRATAMA MENARA INDONESIA', 'Dusun Tajem RT.04 RW.01', 262, 52, 'Menara Tunggal', 'Perdesaan', 'Menara 3 Kaki', 1623825),
(444, 'PT. CENTRATAMA MENARA INDONESIA', 'Dusun Saban RT.04 RW.01', 143, 52, 'Menara Tunggal', 'Perdesaan', 'Menara 3 Kaki', 1623825),
(445, 'PT. CENTRATAMA MENARA INDONESIA', 'Dusun Krajan Padas RT.02 RW.01', 62, 42, 'Menara Tunggal', 'Perdesaan', 'Menara 3 Kaki', 1623825),
(446, 'PT. CENTRATAMA MENARA INDONESIA', 'Dusun Sambiwayang RT.02 RW.03', 71, 42, 'Menara Tunggal', 'Perdesaan', 'Menara 3 Kaki', 1623825),
(447, 'PT. PROTELINDO', 'Gulang Lor Rt.03 RW.02', 177, 50, 'Menara Tunggal', 'Perdesaan', 'Menara 3 Kaki', 1623825),
(448, 'PT. ANUGERAH COMMUNICATION', 'Dusun Padas RT.005 RW.003', 2, 42, 'Menara Bersama', 'Perdesaan', 'Menara 4 Kaki', 1701150),
(449, 'PT. ANUGERAH COMMUNICATION', 'Dusun Singoraja RT.02 Rw.06', 260, 42, 'Menara Bersama', 'Perdesaan', 'Menara 4 Kaki', 1701150),
(450, 'PT. TELKOMSEL', 'Dusun Truwili RT.08 RW.11', 239, 72, 'Menara Tunggal', 'Perdesaan', 'Menara 4 Kaki', 1701150),
(451, 'PT. INDOSAT, Tbk AKUISISI PT. CENTRATAMA MENARA INDONESIA', 'Jl. Nangka RT.02 RW.01 Kp. Jeketro', 131, 72, 'Menara Bersama', 'Perdesaan', 'Menara 4 Kaki', 1701150),
(452, 'PT. INDOSAT, Tbk AKUISISI PT. CENTRATAMA MENARA INDONESIA', 'RT.04 RW.02 ', 106, 72, 'Menara Bersama', 'Perdesaan', 'Menara 4 Kaki', 1701150),
(453, 'PT. INODAT, Tbk AKUISISI PT. CENTRATAMA MENARA INDONESIA', 'Jl. Gatot Subroto  Bungas RT.06', 3, 72, 'Menara Bersama', 'Perdesaan', 'Menara 4 Kaki', 1701150),
(454, 'PT. INDOSAT, Tbk AKUISISI PT. CENTRATAMA MENARA INDONESIA', 'Desa Kuwu', 106, 72, 'Menara Bersama', 'Perdesaan', 'Menara 4 Kaki', 1701150),
(455, 'PT. INDOSAT, Tbk AKUISISI PT. CENTRATAMA MENARA INDONESIA', 'Depok Selatan RT.03 RW.02', 238, 72, 'Menara Bersama', 'Perdesaan', 'Menara 4 Kaki', 1701150),
(456, 'PT. INDOSAT, Tbk AKUISISI PT. CENTRATAMA MENARA INDONESIA', 'Desa Ketitang', 182, 72, 'Menara Bersama', 'Perdesaan', 'Menara 4 Kaki', 1701150),
(457, 'PT. INDOSAT, Tbk AKUISIS PT. CENTRATAMA MENARA INDONESIA', 'Jl. R. Suprapto Grobogan Purwodadi', 197, 72, 'Menara Bersama', 'Perkotaan', 'Menara 4 Kaki', 1546500),
(458, 'PT. INDOSAT Tbk, AKUISISI PT. CENTRATAMA MENARA INDONESIA', 'Jl. Raya Purwodadi RT.01 RW.01', 186, 72, 'Menara Bersama', 'Perdesaan', 'Menara 4 Kaki', 1701150),
(459, 'PT. INDOSAT, Tbk AKUISISI PT. CENTRATAMA MENARA INDONESIA', 'Dusun Pancan RT.06 RW.06', 224, 72, 'Menara Bersama', 'Perdesaan', 'Menara 4 Kaki', 1701150),
(460, 'PT. TOWER BERSAMA', 'Dukuh Gade RT.05 RW.03', 219, 62, 'Menara Bersama', 'Perdesaan', 'Menara 4 Kaki', 1701150),
(461, 'PT. INDOSAT, Tbk AKUISISI PT. DAYAMITRA TELEKOMUNIKASI', 'Grasak RT.02 RW.04', 99, 72, 'Menara Bersama', 'Perdesaan', 'Menara 4 Kaki', 1701150),
(462, 'PT. KOMET INFRA NUSANTARA AKUISISI PT. PROTELINDO', 'Dusun Klumutan', 0, 42, 'Menara Bersama', 'Perdesaan', 'Menara 3 Kaki', 1623825),
(463, 'PT. KOMET INFRA NUSANTARA AKUISISI PT. PROTELINDO', 'Dusun Tempel RT.03 RW.06', 210, 42, 'Menara Bersama', 'Perdesaan', 'Menara 3 Kaki', 1623825),
(464, 'PT. CENTRATAMA MENARA INDONESIA', 'Jl. Getas Pendowo', 198, 72, 'Menara Bersama', 'Perkotaan', 'Menara 3 Kaki', 1469175),
(465, 'PT. KOMET INFRA NUSANTARA AKUISIS PT. PROTELINDO', 'Dusun Klumutan', 238, 42, 'Menara Bersama', 'Perdesaan', 'Menara 3 Kaki', 1623825),
(466, 'PT. TELKOMSEL AKUISIS PT. DAYAMITRA TELEKOMUNIKASI', 'Dukuh Mangsulan RT.04 RW.04', 113, 72, 'Menara Tunggal', 'Perdesaan', 'Menara 4 Kaki', 1701150),
(467, 'PT. TELKOMSEL AKUISISI PT. DAYAMITRA TELEKOMUNIKASI', 'Gabus RT.01 RW.01', 3, 72, 'Menara Tunggal', 'Perdesaan', 'Menara 4 Kaki', 1701150),
(468, 'PT. TELKOMSEL AKUISISI PT. DAYAMITRA TELEKOMUNIKASI', 'Mayahan RT.02 RW.01', 217, 72, 'Menara Tunggal', 'Perdesaan', 'Menara 4 Kaki', 1701150),
(469, 'PT. TELKOMSEL AKUISISI PT. DAYAMITRA TELEKOMUNIKASI', 'Jl. Kembangan RT.01 RW.02 ', 106, 72, 'Menara Tunggal', 'Perdesaan', 'Menara 4 Kaki', 1701150),
(470, 'PT. TELKOMSEL AKUISISI PT. DAYAMITRA TELEKOMUNIKASI', 'Trowolu RT.06 RW.02', 26, 72, 'Menara Tunggal', 'Perdesaan', 'Menara 4 Kaki', 1701150),
(471, 'PT. TELKOMSEL AKUISISI PT. DAYAMITRA TELEKOMUNIKASI', 'Dusun Tinongo RT.03 RW.02', 248, 72, 'Menara Tunggal', 'Perdesaan', 'Menara 4 Kaki', 1701150),
(472, 'PT. TELKOMSEL AKUISISI PT. DAYAMITRA TELEKOMUNIKASI', 'Dusun Sanggrahan Belakan RT.07 RW.01', 224, 72, 'Menara Tunggal', 'Perdesaan', 'Menara 4 Kaki', 1701150),
(473, 'PT. TELKOMSEl AKUISISI PT. DAYAMITRA TELEKOMUNIKASI', 'Dukuh Sidorejo RT.03 RW.06', 274, 72, 'Menara Tunggal', 'Perdesaan', 'Menara 4 Kaki', 1701150),
(474, 'PT. TELKOMSEL AKUISISI PT. DAYAMITRA TELEKOMUNIKASI', 'Dusun Karangsari RT.02 RW.03 ', 57, 72, 'Menara Tunggal', 'Perdesaan', 'Menara 4 Kaki', 1701150),
(475, 'PT. TELKOMSEL AKUISISI PT. DAYAMITRA TELEKOMUNIKASI', 'Kronggen RT.02 RW.01', 255, 72, 'Menara Tunggal', 'Perdesaan', 'Menara 4 Kaki', 1701150),
(476, 'PT. TELKOMSEL AKUISISI PT. DAYAMITRA TELEKOMUNIKASI', 'Lekok Penawangan RT.02 RW.02', 271, 72, 'Menara Bersama', 'Perdesaan', 'Menara 4 Kaki', 1701150),
(477, 'PT. TELKOMSEL AKUISISI PT. DAYAMITRA TELEKOMUNIKASI', 'Jl. Sofandori RT.02 RW.07', 134, 72, 'Menara Tunggal', 'Perdesaan', 'Menara 4 Kaki', 1701150),
(478, 'PT. TELKOMSEL AKUISISI PT. DAYAMITRA TELEKOMUNIKASI', 'Bugel RT. 08 RW.03', 171, 72, 'Menara Tunggal', 'Perdesaan', 'Menara 4 Kaki', 1701150),
(479, 'PT. TELKOMSEL AKUISISI PT. DAYAMITRA TELEKOMUNIKASI', 'Kapung', 47, 72, 'Menara Tunggal', 'Perdesaan', 'Menara 4 Kaki', 1701150),
(480, 'PT. TELKOMSEL AKUISISI PT. DAYAMITRA TELEKOMUNIKASI', 'Jeketro RT.02 RW.02 ', 131, 72, 'Menara Tunggal', 'Perdesaan', 'Menara 4 Kaki', 1701150),
(481, 'PT. TELKOMSEL AKUISISI PT. DAYAMITRA TELEKOMUNIKASI', 'Kp. Wonorejo RT.05 RW.08', 58, 72, 'Menara Tunggal', 'Perdesaan', 'Menara 4 Kaki', 1701150),
(482, 'PT. TELKOMSEL AKUISISI PT. DAYAMITRA TELEKOMUNIKASI', 'Jl. Raya Klambu RT.04 RW.03', 162, 72, 'Menara Tunggal', 'Perdesaan', 'Menara 4 Kaki', 1701150),
(483, 'PT. TELKOMSEL AKUISISI PT. DAYAMITRA TELEKOMUNIKASI', 'Kradenan RT.05 RW.03 ', 105, 72, 'Menara Tunggal', 'Perdesaan', 'Menara 4 Kaki', 1701150),
(484, 'PT. TELKOMSEL AKUISISI PT. DAYAMITRA TELEKOMUNIKASI', 'Jl. Jambangan Sanggrak RT.04 RW.01', 150, 72, 'Menara Tunggal', 'Perdesaan', 'Menara 4 Kaki', 1701150),
(485, 'PT. TELKOMSEL AKUISISI PT. DAYAMITRA TELEKOMUNIKASI', 'Dusun Bangsri RT.03 RW.05', 95, 72, 'Menara Tunggal', 'Perdesaan', 'Menara 4 Kaki', 1701150),
(486, 'PT. TELKOMSEL AKUISISI PT. DAYAMITRA TELEKOMUNIKASI', 'Tinongo RT.03 RW.02', 155, 72, 'Menara Tunggal', 'Perdesaan', 'Menara 4 Kaki', 1701150),
(487, 'PT. TELKOMSEL AKUISISI PT. DAYAMITRA TELEKOMUNIKASI', 'Sumberjatipohon', 233, 71, 'Menara Tunggal', 'Perdesaan', 'Menara 4 Kaki', 1701150),
(488, 'PT. TELKOMSEL AKUISISI PT. DAYAMITRA TELEKOMUNIKASI', 'Jl. A. Yani Nglejok ', 198, 72, 'Menara Tunggal', 'Perkotaan', 'Menara 4 Kaki', 1546500),
(489, 'PT. TELKOMSEL AKUISIS PT. DAYAMITRA TELEKOMUNIKASI', 'Dusun Krajan RT.01 RW.01', 272, 72, 'Menara Tunggal', 'Perdesaan', 'Menara 4 Kaki', 1701150),
(490, 'PT. TELKOMSEL AKUISISI PT. DAYAMITRA TELEKOMUNIKASI', 'Dusun Trongso RT.07 RW.01', 181, 72, 'Menara Tunggal', 'Perdesaan', 'Menara 4 Kaki', 1701150),
(491, 'PT. TELKOMSEl AKUISISI PT. DAYAMITRA TELEKOMUNIKASI', 'Dusun Tlawah RT.02 RW.03', 82, 71, 'Menara Tunggal', 'Perdesaan', 'Menara 4 Kaki', 1701150),
(492, 'PT. TELKOMSEL AKUISISI PT. DAYAMITRA TELEKOMUNIKASI', 'Dukuh Bangkle RT.01 RW.02', 190, 72, 'Menara Tunggal', 'Perdesaan', 'Menara 4 Kaki', 1701150),
(493, 'PT. CENTRATAMA MENARA INDONESIA', 'Dusun Nangkas RT.01 RW.04 ', 155, 52, 'Menara Bersama', 'Perdesaan', 'Menara 3 Kaki', 1623825),
(494, 'PT. CENTRATAMA MENARA INDONESIA', 'Pulorejo RT.02 RW.01', 211, 42, 'Menara Bersama', 'Perdesaan', 'Menara 3 Kaki', 1623825),
(495, 'PT. EPID MENARA ASSETCO', 'Jl. Nangka RT.02 RW.01 Kp. Jeketro', 131, 72, 'Menara Bersama', 'Perdesaan', 'Menara 4 Kaki', 1701150),
(496, 'PT. EPID MENARA ASSETCO', 'RT.04 RW.02', 106, 72, 'Menara Bersama', 'Perdesaan', 'Menara 4 Kaki', 1701150),
(497, 'PT. EPID MENARA ASSETCO', 'Jl. Gatot Subroto Desa Bungas RT. 6', 3, 72, 'Menara Bersama', 'Perdesaan', 'Menara 4 Kaki', 1701150),
(498, 'PT. EPID MENARA ASSETCO', 'Kuwu', 106, 72, 'Menara Bersama', 'Perdesaan', 'Menara 4 Kaki', 1701150),
(499, 'PT. EPID MENARA ASSETCO', 'Depok Selatan RT.03 RW.02 ', 238, 72, 'Menara Bersama', 'Perdesaan', 'Menara 4 Kaki', 1701150),
(500, 'PT. EPID MENARA ASSETCO', 'Ketitang', 182, 72, 'Menara Bersama', 'Perdesaan', 'Menara 4 Kaki', 1701150),
(501, 'PT. EPID MENARA ASSETCO', 'Jl. R. Suprapto Grobogan', 197, 72, 'Menara Bersama', 'Perkotaan', 'Menara 4 Kaki', 1546500),
(502, 'PT. EPID MENARA ASSETCO', 'Jl. Raya Purwodadi RT.01 RW.01', 186, 72, 'Menara Bersama', 'Perdesaan', 'Menara 4 Kaki', 1701150),
(503, 'PT. EPID MENARA ASSETCO', 'Dusun Pancan RT.06 RW.06', 224, 72, 'Menara Bersama', 'Perdesaan', 'Menara 4 Kaki', 1701150);

-- --------------------------------------------------------

--
-- Table structure for table `tb_pejabat`
--

CREATE TABLE `tb_pejabat` (
  `idPejabat` int(11) NOT NULL,
  `namaPejabat` varchar(75) NOT NULL,
  `jabatan` varchar(150) NOT NULL,
  `nip` varchar(22) NOT NULL,
  `status` varchar(15) NOT NULL
) ENGINE=InnoDB DEFAULT CHARSET=latin1;

--
-- Dumping data for table `tb_pejabat`
--

INSERT INTO `tb_pejabat` (`idPejabat`, `namaPejabat`, `jabatan`, `nip`, `status`) VALUES
(2, 'WIKU HANDOYO, S.H., M.H', 'KEPALA DISKOMINFO KAB. GROBOGAN', '19621004 198607 1 001', 'AKTIF');

-- --------------------------------------------------------

--
-- Table structure for table `tb_skrd`
--

CREATE TABLE `tb_skrd` (
  `idSkrd` int(11) NOT NULL,
  `idMenara` int(11) NOT NULL,
  `tahun` varchar(4) NOT NULL,
  `nomorSkrd` varchar(35) NOT NULL,
  `tanggal` date NOT NULL,
  `idPejabat` int(11) NOT NULL
) ENGINE=InnoDB DEFAULT CHARSET=latin1;

--
-- Dumping data for table `tb_skrd`
--

INSERT INTO `tb_skrd` (`idSkrd`, `idMenara`, `tahun`, `nomorSkrd`, `tanggal`, `idPejabat`) VALUES
(1, 261, '2009', '', '2019-07-14', 2),
(2, 244, '2009', '', '2019-07-14', 2),
(3, 244, '2019', '', '2019-07-14', 2),
(4, 244, '2008', '', '2019-07-14', 2),
(5, 243, '2019', '', '2019-07-14', 2),
(6, 242, '2019', '', '2019-07-14', 2),
(7, 241, '2019', '', '2019-07-14', 2),
(8, 244, '1990', '', '2019-07-16', 2),
(9, 244, '2014', '', '2019-07-16', 2),
(10, 244, '2013', '', '2019-07-16', 2),
(11, 243, '2013', '', '2019-07-16', 2),
(12, 242, '2013', '', '2019-07-16', 2),
(13, 241, '2013', '', '2019-07-16', 2),
(14, 240, '2013', '', '2019-07-16', 2),
(15, 239, '2013', '', '2019-07-16', 2),
(16, 237, '2019', '', '2019-07-16', 2),
(17, 236, '2019', '', '2019-07-16', 2),
(18, 235, '2019', '', '2019-07-16', 2),
(19, 234, '2019', '', '2019-07-16', 2),
(21, 232, '2019', '', '2019-07-16', 2),
(22, 231, '2019', '', '2019-07-16', 2),
(23, 230, '2019', '', '2019-07-16', 2),
(24, 229, '2019', '', '2019-07-16', 2),
(25, 228, '2019', '', '2019-07-16', 2),
(26, 227, '2019', '', '2019-07-16', 2),
(27, 226, '2019', '', '2019-07-16', 2),
(28, 225, '2019', '', '2019-07-16', 2),
(29, 224, '2019', '', '2019-07-16', 2),
(30, 223, '2019', '', '2019-07-16', 2),
(31, 222, '2019', '', '2019-07-16', 2),
(32, 221, '2019', '', '2019-07-16', 2),
(33, 220, '2019', '', '2019-07-16', 2),
(34, 219, '2019', '', '2019-07-16', 2),
(35, 218, '2019', '', '2019-07-16', 2),
(36, 217, '2019', '', '2019-07-16', 2),
(37, 216, '2019', '', '2019-07-16', 2),
(38, 215, '2019', '', '2019-07-16', 2),
(39, 214, '2019', '', '2019-07-16', 2),
(40, 213, '2019', '', '2019-07-16', 2),
(41, 212, '2019', '', '2019-07-16', 2),
(42, 211, '2019', '', '2019-07-16', 2),
(43, 210, '2019', '', '2019-07-16', 2),
(44, 209, '2019', '', '2019-07-16', 2),
(45, 208, '2019', '', '2019-07-16', 2),
(46, 207, '2019', '', '2019-07-16', 2),
(47, 206, '2019', '', '2019-07-16', 2),
(48, 205, '2019', '', '2019-07-16', 2),
(49, 204, '2019', '', '2019-07-16', 2),
(50, 203, '2019', '', '2019-07-16', 2),
(51, 202, '2019', '', '2019-07-16', 2),
(52, 201, '2019', '', '2019-07-16', 2),
(53, 200, '2019', '', '2019-07-16', 2),
(54, 199, '2019', '', '2019-07-16', 2),
(55, 261, '2019', '', '2019-07-16', 2),
(56, 260, '2019', '', '2019-07-16', 2),
(57, 266, '2019', '', '2019-07-16', 2),
(58, 259, '2019', '', '2019-07-16', 2),
(59, 266, '2013', '', '2019-07-16', 2),
(60, 258, '2019', '', '2019-07-16', 2),
(61, 257, '2019', '', '2019-07-16', 2),
(62, 256, '2019', '', '2019-07-16', 2),
(63, 255, '2019', '', '2019-07-16', 2),
(64, 254, '2019', '', '2019-07-16', 2),
(65, 253, '2019', '', '2019-07-16', 2),
(66, 252, '2019', '', '2019-07-16', 2),
(67, 251, '2019', '', '2019-07-16', 2),
(68, 250, '2019', '', '2019-07-16', 2),
(69, 249, '2019', '', '2019-07-16', 2),
(70, 250, '2013', '', '2019-07-16', 2),
(71, 248, '2019', '', '2019-07-16', 2),
(72, 247, '2019', '', '2019-07-16', 2),
(73, 246, '2019', '', '2019-07-16', 2),
(74, 245, '2019', '', '2019-07-16', 2),
(75, 185, '2019', '', '2019-07-16', 2),
(76, 184, '2019', '', '2019-07-16', 2),
(77, 183, '2019', '', '2019-07-16', 2),
(78, 182, '2019', '', '2019-07-16', 2),
(79, 181, '2019', '', '2019-07-16', 2),
(80, 180, '2019', '', '2019-07-16', 2),
(81, 179, '2019', '', '2019-07-16', 2),
(82, 178, '2019', '', '2019-07-16', 2),
(83, 177, '2019', '', '2019-07-16', 2),
(84, 177, '2013', '', '2019-07-16', 2),
(85, 176, '2019', '', '2019-07-16', 2),
(86, 175, '2019', '', '2019-07-16', 2),
(87, 174, '2019', '', '2019-07-16', 2),
(88, 170, '2019', '', '2019-07-16', 2),
(89, 169, '2019', '', '2019-07-16', 2),
(90, 168, '2019', '', '2019-07-16', 2),
(91, 167, '2019', '', '2019-07-16', 2),
(92, 167, '2013', '', '2019-07-16', 2),
(93, 166, '2019', '', '2019-07-16', 2),
(94, 165, '2019', '', '2019-07-16', 2),
(95, 164, '2019', '', '2019-07-16', 2),
(96, 163, '2019', '', '2019-07-16', 2),
(97, 162, '2019', '', '2019-07-16', 2),
(98, 161, '2019', '', '2019-07-16', 2),
(99, 160, '2019', '', '2019-07-16', 2),
(100, 159, '2019', '', '2019-07-16', 2),
(101, 158, '2019', '', '2019-07-16', 2),
(102, 157, '2019', '', '2019-07-16', 2),
(103, 134, '2019', '', '2019-07-16', 2),
(104, 133, '2019', '', '2019-07-16', 2),
(105, 132, '2019', '', '2019-07-16', 2),
(106, 131, '2019', '', '2019-07-16', 2),
(107, 130, '2019', '', '2019-07-16', 2),
(108, 129, '2019', '', '2019-07-16', 2),
(109, 128, '2019', '', '2019-07-16', 2),
(110, 127, '2019', '', '2019-07-16', 2),
(111, 126, '2019', '', '2019-07-16', 2),
(112, 125, '2019', '', '2019-07-16', 2),
(113, 124, '2019', '', '2019-07-16', 2),
(114, 90, '2019', '', '2019-07-16', 2),
(115, 89, '2019', '', '2019-07-16', 2),
(116, 88, '2019', '', '2019-07-16', 2),
(117, 87, '2019', '', '2019-07-16', 2),
(118, 86, '2019', '', '2019-07-17', 2),
(119, 85, '2019', '', '2019-07-17', 2),
(120, 84, '2019', '', '2019-07-17', 2),
(121, 83, '2019', '', '2019-07-17', 2),
(122, 82, '2019', '', '2019-07-17', 2),
(123, 81, '2019', '', '2019-07-17', 2),
(124, 80, '2019', '', '2019-07-17', 2),
(125, 79, '2019', '', '2019-07-17', 2),
(126, 78, '2019', '', '2019-07-17', 2),
(127, 276, '2019', '', '2019-07-17', 2),
(128, 275, '2019', '', '2019-07-17', 2),
(129, 274, '2019', '', '2019-07-17', 2),
(130, 273, '2019', '', '2019-07-17', 2),
(131, 272, '2019', '', '2019-07-17', 2),
(132, 271, '2019', '', '2019-07-17', 2),
(133, 270, '2019', '', '2019-07-17', 2),
(134, 269, '2019', '', '2019-07-17', 2),
(135, 268, '2019', '', '2019-07-17', 2),
(136, 267, '2019', '', '2019-07-17', 2),
(137, 112, '2019', '', '2019-07-17', 2),
(138, 111, '2019', '', '2019-07-17', 2),
(139, 110, '2019', '', '2019-07-17', 2),
(140, 107, '2019', '', '2019-07-17', 2),
(141, 106, '2019', '', '2019-07-17', 2),
(142, 104, '2019', '', '2019-07-17', 2),
(143, 102, '2019', '', '2019-07-17', 2),
(144, 100, '2019', '', '2019-07-17', 2),
(145, 98, '2019', '', '2019-07-17', 2),
(146, 96, '2019', '', '2019-07-17', 2),
(147, 280, '2019', '', '2019-07-17', 2),
(148, 279, '2019', '', '2019-07-17', 2),
(149, 277, '2019', '', '2019-07-17', 2),
(150, 289, '2019', '', '2019-07-17', 2),
(151, 288, '2019', '', '2019-07-17', 2),
(152, 287, '2019', '', '2019-07-17', 2),
(153, 286, '2019', '', '2019-07-17', 2),
(154, 285, '2019', '', '2019-07-17', 2),
(155, 284, '2019', '', '2019-07-17', 2),
(156, 283, '2019', '', '2019-07-17', 2),
(157, 282, '2019', '', '2019-07-17', 2),
(158, 292, '2019', '', '2019-07-17', 2),
(159, 291, '2019', '', '2019-07-17', 2),
(160, 290, '2019', '', '2019-07-17', 2),
(161, 293, '2019', '', '2019-07-17', 2),
(162, 118, '2019', '', '2019-07-17', 2),
(163, 117, '2019', '', '2019-07-17', 2),
(164, 116, '2019', '', '2019-07-17', 2),
(165, 115, '2019', '', '2019-07-17', 2),
(166, 113, '2019', '', '2019-07-17', 2),
(167, 119, '2019', '', '2019-07-17', 2),
(168, 327, '2019', '', '2019-07-18', 2),
(169, 326, '2019', '', '2019-07-18', 2),
(170, 325, '2019', '', '2019-07-18', 2),
(171, 324, '2019', '', '2019-07-18', 2),
(172, 323, '2019', '', '2019-07-18', 2),
(173, 322, '2019', '', '2019-07-18', 2),
(174, 321, '2019', '', '2019-07-18', 2),
(175, 320, '2019', '', '2019-07-18', 2),
(176, 319, '2019', '', '2019-07-18', 2),
(177, 317, '2019', '', '2019-07-18', 2),
(178, 316, '2019', '', '2019-07-18', 2),
(179, 315, '2019', '', '2019-07-18', 2),
(180, 314, '2019', '', '2019-07-18', 2),
(181, 313, '2019', '', '2019-07-18', 2),
(182, 312, '2019', '', '2019-07-18', 2),
(183, 311, '2019', '', '2019-07-18', 2),
(184, 310, '2019', '', '2019-07-18', 2),
(185, 309, '2019', '', '2019-07-18', 2),
(186, 308, '2019', '', '2019-07-18', 2),
(187, 306, '2019', '', '2019-07-18', 2),
(188, 305, '2019', '', '2019-07-18', 2),
(189, 304, '2019', '', '2019-07-18', 2),
(190, 303, '2019', '', '2019-07-18', 2),
(191, 302, '2019', '', '2019-07-18', 2),
(192, 301, '2019', '', '2019-07-18', 2),
(193, 300, '2019', '', '2019-07-18', 2),
(194, 299, '2019', '', '2019-07-18', 2),
(195, 298, '2019', '', '2019-07-18', 2),
(196, 297, '2019', '', '2019-07-18', 2),
(197, 296, '2019', '', '2019-07-18', 2),
(198, 295, '2019', '', '2019-07-18', 2),
(199, 294, '2019', '', '2019-07-18', 2),
(200, 328, '2019', '', '2019-07-18', 2),
(201, 318, '2019', '', '2019-07-18', 2),
(202, 333, '2019', '', '2019-07-18', 2),
(203, 331, '2019', '', '2019-07-18', 2),
(204, 330, '2019', '', '2019-07-18', 2),
(205, 329, '2019', '', '2019-07-18', 2),
(206, 334, '2019', '', '2019-07-18', 2),
(207, 57, '2019', '', '2019-07-18', 2),
(208, 56, '2019', '', '2019-07-18', 2),
(209, 55, '2019', '', '2019-07-21', 2),
(210, 55, '2013', '', '2019-07-21', 2),
(211, 45, '2019', '', '2019-07-21', 2),
(212, 335, '2019', '', '2019-07-21', 2),
(213, 334, '2010', '', '2019-07-21', 2),
(214, 328, '2010', '', '2019-07-21', 2),
(215, 334, '2011', '', '2019-07-21', 2),
(216, 48, '2019', '', '2019-07-21', 2),
(217, 49, '2019', '', '2019-07-21', 2),
(218, 50, '2019', '', '2019-07-21', 2),
(219, 51, '2019', '', '2019-07-21', 2),
(220, 52, '2019', '', '2019-07-21', 2),
(221, 53, '2019', '', '2019-07-21', 2),
(222, 54, '2019', '', '2019-07-21', 2),
(223, 55, '2011', '', '2019-07-21', 2),
(224, 47, '2019', '', '2019-07-21', 2),
(225, 46, '2019', '', '2019-07-21', 2),
(226, 45, '2011', '', '2019-07-21', 2),
(227, 44, '2019', '', '2019-07-21', 2),
(228, 43, '2019', '', '2019-07-21', 2),
(229, 42, '2019', '', '2019-07-21', 2),
(230, 41, '2019', '', '2019-07-21', 2),
(231, 40, '2019', '', '2019-07-21', 2),
(232, 39, '2019', '', '2019-07-21', 2),
(233, 38, '2019', '', '2019-07-21', 2),
(234, 37, '2019', '', '2019-07-21', 2),
(235, 36, '2019', '', '2019-07-21', 2),
(236, 35, '2019', '', '2019-07-21', 2),
(237, 34, '2019', '', '2019-07-21', 2),
(238, 33, '2019', '', '2019-07-21', 2),
(239, 32, '2019', '', '2019-07-21', 2),
(240, 31, '2019', '', '2019-07-21', 2),
(241, 30, '2019', '', '2019-07-21', 2),
(242, 29, '2019', '', '2019-07-21', 2),
(243, 28, '2019', '', '2019-07-21', 2),
(244, 27, '2019', '', '2019-07-21', 2),
(245, 26, '2019', '', '2019-07-21', 2),
(246, 25, '2019', '', '2019-07-21', 2),
(247, 24, '2019', '', '2019-07-21', 2),
(248, 23, '2019', '', '2019-07-21', 2),
(249, 22, '2019', '', '2019-07-21', 2),
(250, 21, '2019', '', '2019-07-21', 2),
(251, 20, '2019', '', '2019-07-21', 2),
(252, 19, '2019', '', '2019-07-21', 2),
(253, 18, '2019', '', '2019-07-21', 2),
(254, 17, '2019', '', '2019-07-21', 2),
(255, 16, '2019', '', '2019-07-21', 2),
(256, 15, '2019', '', '2019-07-21', 2),
(257, 14, '2019', '', '2019-07-21', 2),
(258, 336, '2019', '', '2019-07-21', 2),
(259, 337, '2019', '', '2019-07-21', 2),
(260, 344, '2019', '', '2019-07-23', 2),
(261, 343, '2019', '', '2019-07-23', 2),
(262, 342, '2019', '', '2019-07-23', 2),
(263, 341, '2019', '', '2019-07-23', 2),
(264, 340, '2019', '', '2019-07-23', 2),
(265, 339, '2019', '', '2019-07-23', 2),
(266, 338, '2019', '', '2019-07-23', 2),
(267, 198, '2019', '', '2019-07-23', 2),
(268, 197, '2019', '', '2019-07-23', 2),
(269, 196, '2019', '', '2019-07-23', 2),
(270, 195, '2019', '', '2019-07-23', 2),
(271, 194, '2019', '', '2019-07-23', 2),
(272, 193, '2019', '', '2019-07-23', 2),
(273, 192, '2019', '', '2019-07-23', 2),
(274, 191, '2019', '', '2019-07-23', 2),
(275, 345, '2019', '', '2019-07-23', 2),
(276, 346, '2019', '', '2019-07-30', 2),
(277, 344, '2018', '', '2020-05-18', 2),
(278, 346, '2020', '', '2020-05-27', 2),
(279, 344, '2020', '', '2020-05-27', 2),
(280, 343, '2020', '', '2020-05-27', 2),
(281, 344, '2029', '', '2020-05-27', 2),
(282, 342, '2020', '', '2020-05-27', 2),
(283, 341, '2020', '', '2020-05-27', 2),
(284, 340, '2020', '', '2020-05-27', 2),
(285, 339, '2020', '', '2020-05-27', 2),
(286, 338, '2020', '', '2020-05-27', 2),
(287, 337, '2020', '', '2020-05-27', 2),
(288, 336, '2020', '', '2020-05-27', 2),
(289, 335, '2020', '', '2020-05-27', 2),
(290, 334, '2020', '', '2020-05-27', 2),
(291, 333, '2020', '', '2020-05-27', 2),
(292, 331, '2020', '', '2020-05-27', 2),
(293, 330, '2020', '', '2020-05-27', 2),
(294, 329, '2020', '', '2020-05-27', 2),
(295, 328, '2020', '', '2020-05-27', 2),
(296, 328, '2029', '', '2020-05-27', 2),
(297, 327, '2020', '', '2020-05-27', 2),
(298, 326, '2020', '', '2020-05-27', 2),
(299, 325, '2020', '', '2020-05-27', 2),
(300, 324, '2020', '', '2020-05-27', 2),
(301, 323, '2020', '', '2020-05-27', 2),
(302, 322, '2020', '', '2020-05-27', 2),
(303, 321, '2020', '', '2020-05-27', 2),
(304, 320, '2020', '', '2020-05-27', 2),
(305, 319, '2020', '', '2020-05-27', 2),
(306, 318, '2020', '', '2020-05-27', 2),
(307, 317, '2020', '', '2020-05-27', 2),
(308, 316, '2020', '', '2020-05-27', 2),
(309, 315, '2020', '', '2020-05-27', 2),
(310, 314, '2020', '', '2020-05-27', 2),
(311, 313, '2020', '', '2020-05-27', 2),
(312, 312, '2020', '', '2020-05-27', 2),
(313, 311, '2020', '', '2020-05-27', 2),
(314, 310, '2020', '', '2020-05-27', 2),
(315, 309, '2020', '', '2020-05-27', 2),
(316, 308, '2020', '', '2020-05-27', 2),
(317, 306, '2020', '', '2020-05-27', 2),
(318, 305, '2020', '', '2020-05-27', 2),
(319, 304, '2020', '', '2020-05-27', 2),
(320, 303, '2020', '', '2020-05-27', 2),
(321, 302, '2020', '', '2020-05-27', 2),
(322, 301, '2020', '', '2020-05-27', 2),
(323, 300, '2020', '', '2020-05-27', 2),
(324, 299, '2020', '', '2020-05-27', 2),
(325, 298, '2020', '', '2020-05-27', 2),
(326, 297, '2020', '', '2020-05-27', 2),
(327, 296, '2020', '', '2020-05-27', 2),
(328, 295, '2020', '', '2020-05-27', 2),
(329, 294, '2020', '', '2020-05-27', 2),
(330, 293, '2020', '', '2020-05-27', 2),
(331, 292, '2020', '', '2020-05-28', 2),
(332, 291, '2020', '', '2020-05-28', 2),
(333, 290, '2020', '', '2020-05-28', 2),
(334, 289, '2020', '', '2020-05-28', 2),
(335, 288, '2020', '', '2020-05-28', 2),
(336, 287, '2020', '', '2020-05-28', 2),
(337, 286, '2020', '', '2020-05-28', 2),
(338, 285, '2020', '', '2020-05-28', 2),
(339, 284, '2020', '', '2020-05-28', 2),
(340, 283, '2020', '', '2020-05-28', 2),
(341, 282, '2020', '', '2020-05-28', 2),
(342, 281, '2020', '', '2020-05-28', 2),
(343, 280, '2020', '', '2020-05-28', 2),
(344, 279, '2020', '', '2020-05-28', 2),
(345, 280, '2029', '', '2020-05-28', 2),
(346, 277, '2020', '', '2020-05-28', 2),
(347, 276, '2020', '', '2020-05-28', 2),
(348, 275, '2020', '', '2020-05-28', 2),
(349, 274, '2020', '', '2020-05-28', 2),
(350, 273, '2020', '', '2020-05-28', 2),
(351, 272, '2020', '', '2020-05-28', 2),
(352, 271, '2020', '', '2020-05-28', 2),
(353, 270, '2020', '', '2020-05-28', 2),
(354, 269, '2020', '', '2020-05-28', 2),
(355, 268, '2020', '', '2020-05-28', 2),
(356, 267, '2020', '', '2020-05-28', 2),
(357, 266, '2020', '', '2020-05-28', 2),
(358, 266, '2029', '', '2020-05-28', 2),
(359, 261, '2020', '', '2020-05-28', 2),
(360, 260, '2020', '', '2020-05-28', 2),
(361, 259, '2020', '', '2020-05-28', 2),
(362, 258, '2020', '', '2020-05-28', 2),
(363, 257, '2020', '', '2020-05-28', 2),
(364, 256, '2020', '', '2020-05-28', 2),
(365, 255, '2020', '', '2020-05-28', 2),
(366, 254, '2020', '', '2020-05-28', 2),
(367, 253, '2020', '', '2020-05-28', 2),
(368, 252, '2020', '', '2020-05-28', 2),
(369, 251, '2020', '', '2020-05-28', 2),
(370, 250, '2020', '', '2020-05-28', 2),
(371, 249, '2020', '', '2020-05-28', 2),
(372, 248, '2020', '', '2020-05-28', 2),
(373, 247, '2020', '', '2020-05-28', 2),
(374, 246, '2020', '', '2020-05-28', 2),
(375, 245, '2020', '', '2020-05-28', 2),
(376, 244, '2020', '', '2020-05-28', 2),
(377, 243, '2020', '', '2020-05-28', 2),
(378, 242, '2020', '', '2020-05-28', 2),
(379, 241, '2020', '', '2020-05-28', 2),
(380, 240, '2020', '', '2020-05-28', 2),
(381, 239, '2020', '', '2020-05-28', 2),
(382, 237, '2020', '', '2020-05-28', 2),
(383, 236, '2020', '', '2020-05-28', 2),
(384, 235, '2020', '', '2020-05-28', 2),
(385, 234, '2020', '', '2020-05-28', 2),
(386, 233, '2020', '', '2020-05-28', 2),
(387, 232, '2020', '', '2020-05-28', 2),
(388, 231, '2020', '', '2020-05-28', 2),
(389, 230, '2020', '', '2020-05-28', 2),
(390, 229, '2020', '', '2020-05-28', 2),
(391, 228, '2020', '', '2020-05-28', 2),
(392, 227, '2020', '', '2020-05-28', 2),
(393, 226, '2020', '', '2020-05-28', 2),
(394, 225, '2020', '', '2020-05-28', 2),
(395, 224, '2020', '', '2020-05-28', 2),
(396, 223, '2020', '', '2020-05-28', 2),
(397, 222, '2020', '', '2020-05-28', 2),
(398, 221, '2020', '', '2020-05-28', 2),
(399, 220, '2020', '', '2020-05-28', 2),
(400, 219, '2020', '', '2020-05-28', 2),
(401, 218, '2020', '', '2020-05-28', 2),
(402, 217, '2020', '', '2020-05-28', 2),
(403, 216, '2020', '', '2020-05-28', 2),
(404, 215, '2020', '', '2020-05-28', 2),
(405, 214, '2020', '', '2020-05-28', 2),
(406, 213, '2020', '', '2020-05-28', 2),
(407, 212, '2020', '', '2020-05-28', 2),
(408, 211, '2020', '', '2020-05-28', 2),
(409, 210, '2020', '', '2020-05-28', 2),
(410, 209, '2020', '', '2020-05-28', 2),
(411, 207, '2020', '', '2020-05-28', 2),
(412, 205, '2020', '', '2020-05-28', 2),
(413, 204, '2020', '', '2020-05-28', 2),
(414, 203, '2020', '', '2020-05-28', 2),
(415, 202, '2020', '', '2020-05-28', 2),
(416, 201, '2020', '', '2020-05-28', 2),
(417, 200, '2020', '', '2020-05-28', 2),
(418, 199, '2020', '', '2020-05-28', 2),
(419, 198, '2020', '', '2020-05-28', 2),
(420, 197, '2020', '', '2020-05-28', 2),
(421, 197, '2029', '', '2020-05-29', 2),
(422, 196, '2020', '', '2020-05-29', 2),
(423, 195, '2020', '', '2020-05-29', 2),
(424, 193, '2020', '', '2020-05-29', 2),
(425, 192, '2020', '', '2020-05-29', 2),
(426, 191, '2020', '', '2020-05-29', 2),
(427, 185, '2020', '', '2020-05-29', 2),
(428, 184, '2020', '', '2020-05-29', 2),
(429, 183, '2020', '', '2020-05-29', 2),
(430, 182, '2020', '', '2020-05-29', 2),
(431, 181, '2020', '', '2020-05-29', 2),
(432, 180, '2020', '', '2020-05-29', 2),
(433, 179, '2020', '', '2020-05-29', 2),
(434, 178, '2020', '', '2020-05-29', 2),
(435, 177, '2020', '', '2020-05-29', 2),
(436, 176, '2020', '', '2020-05-29', 2),
(437, 175, '2020', '', '2020-05-29', 2),
(438, 174, '2020', '', '2020-05-29', 2),
(439, 173, '2020', '', '2020-05-29', 2),
(440, 170, '2020', '', '2020-05-29', 2),
(441, 169, '2020', '', '2020-05-29', 2),
(442, 168, '2020', '', '2020-05-29', 2),
(443, 167, '2020', '', '2020-05-29', 2),
(444, 166, '2020', '', '2020-05-29', 2),
(445, 165, '2020', '', '2020-05-29', 2),
(446, 164, '2020', '', '2020-05-29', 2),
(447, 164, '2029', '', '2020-05-29', 2),
(448, 163, '2020', '', '2020-05-29', 2),
(449, 162, '2020', '', '2020-05-29', 2),
(450, 161, '2020', '', '2020-05-29', 2),
(451, 160, '2020', '', '2020-05-29', 2),
(452, 159, '2020', '', '2020-05-29', 2),
(453, 158, '2020', '', '2020-05-29', 2),
(454, 157, '2020', '', '2020-05-29', 2),
(455, 134, '2020', '', '2020-05-29', 2),
(456, 133, '2020', '', '2020-05-29', 2),
(457, 132, '2020', '', '2020-05-29', 2),
(458, 131, '2020', '', '2020-05-29', 2),
(459, 130, '2020', '', '2020-05-29', 2),
(460, 129, '2020', '', '2020-05-29', 2),
(461, 128, '2020', '', '2020-05-29', 2),
(462, 127, '2020', '', '2020-05-29', 2),
(463, 126, '2020', '', '2020-05-29', 2),
(464, 125, '2020', '', '2020-05-29', 2),
(465, 124, '2020', '', '2020-05-29', 2),
(466, 119, '2020', '', '2020-05-29', 2),
(467, 118, '2020', '', '2020-05-29', 2),
(468, 117, '2020', '', '2020-05-29', 2),
(469, 116, '2020', '', '2020-05-29', 2),
(470, 115, '2020', '', '2020-05-29', 2),
(471, 114, '2020', '', '2020-05-29', 2),
(472, 113, '2020', '', '2020-05-29', 2),
(473, 112, '2020', '', '2020-05-29', 2),
(474, 111, '2020', '', '2020-05-29', 2),
(475, 110, '2020', '', '2020-05-29', 2),
(476, 109, '2020', '', '2020-05-29', 2),
(477, 107, '2020', '', '2020-05-29', 2),
(478, 96, '2020', '', '2020-06-02', 2),
(479, 98, '2020', '', '2020-06-02', 2),
(480, 96, '2029', '', '2020-06-02', 2),
(481, 100, '2020', '', '2020-06-02', 2),
(482, 102, '2020', '', '2020-06-02', 2),
(483, 104, '2020', '', '2020-06-02', 2),
(484, 106, '2020', '', '2020-06-02', 2),
(485, 90, '2020', '', '2020-06-02', 2),
(486, 89, '2020', '', '2020-06-02', 2),
(487, 88, '2020', '', '2020-06-02', 2),
(488, 87, '2020', '', '2020-06-02', 2),
(489, 86, '2020', '', '2020-06-02', 2),
(490, 85, '2020', '', '2020-06-02', 2),
(491, 84, '2020', '', '2020-06-02', 2),
(492, 83, '2020', '', '2020-06-02', 2),
(493, 82, '2020', '', '2020-06-02', 2),
(494, 81, '2020', '', '2020-06-02', 2),
(495, 80, '2020', '', '2020-06-02', 2),
(496, 79, '2020', '', '2020-06-02', 2),
(497, 78, '2020', '', '2020-06-02', 2),
(498, 77, '2020', '', '2020-06-02', 2),
(499, 57, '2020', '', '2020-06-02', 2),
(500, 56, '2020', '', '2020-06-02', 2),
(501, 55, '2020', '', '2020-06-02', 2),
(502, 54, '2020', '', '2020-06-02', 2),
(503, 53, '2020', '', '2020-06-02', 2),
(504, 52, '2020', '', '2020-06-02', 2),
(505, 51, '2020', '', '2020-06-02', 2),
(506, 50, '2020', '', '2020-06-02', 2),
(507, 49, '2020', '', '2020-06-02', 2),
(508, 48, '2020', '', '2020-06-02', 2),
(509, 47, '2020', '', '2020-06-02', 2),
(510, 46, '2020', '', '2020-06-02', 2),
(511, 45, '2020', '', '2020-06-02', 2),
(512, 44, '2020', '', '2020-06-02', 2),
(513, 43, '2020', '', '2020-06-02', 2),
(514, 42, '2020', '', '2020-06-02', 2),
(515, 41, '2020', '', '2020-06-02', 2),
(516, 40, '2020', '', '2020-06-02', 2),
(517, 40, '2029', '', '2020-06-02', 2),
(518, 39, '2020', '', '2020-06-02', 2),
(519, 38, '2020', '', '2020-06-02', 2),
(520, 37, '2020', '', '2020-06-02', 2),
(521, 36, '2020', '', '2020-06-02', 2),
(522, 35, '2020', '', '2020-06-02', 2),
(523, 34, '2020', '', '2020-06-02', 2),
(524, 33, '2020', '', '2020-06-02', 2),
(525, 32, '2020', '', '2020-06-02', 2),
(526, 33, '2029', '', '2020-06-02', 2),
(527, 31, '2020', '', '2020-06-02', 2),
(528, 30, '2020', '', '2020-06-02', 2),
(529, 29, '2020', '', '2020-06-02', 2),
(530, 28, '2020', '', '2020-06-02', 2),
(531, 27, '2020', '', '2020-06-02', 2),
(532, 26, '2020', '', '2020-06-02', 2),
(533, 25, '2020', '', '2020-06-02', 2),
(534, 24, '2020', '', '2020-06-02', 2),
(535, 23, '2020', '', '2020-06-02', 2),
(536, 22, '2020', '', '2020-06-02', 2),
(537, 21, '2020', '', '2020-06-02', 2),
(538, 20, '2020', '', '2020-06-02', 2),
(539, 19, '2020', '', '2020-06-02', 2),
(540, 18, '2020', '', '2020-06-02', 2),
(541, 17, '2020', '', '2020-06-02', 2),
(542, 16, '2020', '', '2020-06-02', 2),
(543, 15, '2020', '', '2020-06-02', 2),
(544, 14, '2020', '', '2020-06-02', 2),
(545, 347, '2020', '', '2020-06-04', 2),
(546, 348, '2020', '', '2020-06-04', 2),
(547, 370, '2020', '', '2020-06-04', 2),
(548, 369, '2020', '', '2020-06-04', 2),
(549, 368, '2020', '', '2020-06-04', 2),
(550, 367, '2020', '', '2020-06-04', 2),
(551, 366, '2020', '', '2020-06-04', 2),
(552, 365, '2020', '', '2020-06-04', 2),
(553, 364, '2020', '', '2020-06-04', 2),
(554, 363, '2020', '', '2020-06-04', 2),
(555, 362, '2020', '', '2020-06-04', 2),
(556, 361, '2020', '', '2020-06-04', 2),
(557, 360, '2020', '', '2020-06-04', 2),
(558, 359, '2020', '', '2020-06-04', 2),
(559, 358, '2020', '', '2020-06-04', 2),
(560, 357, '2020', '', '2020-06-04', 2),
(561, 355, '2020', '', '2020-06-04', 2),
(562, 354, '2020', '', '2020-06-04', 2),
(563, 353, '2020', '', '2020-06-04', 2),
(564, 352, '2020', '', '2020-06-04', 2),
(565, 351, '2020', '', '2020-06-04', 2),
(566, 350, '2020', '', '2020-06-04', 2),
(567, 349, '2020', '', '2020-06-04', 2),
(568, 371, '2020', '', '2020-06-12', 2),
(569, 372, '2020', '', '2020-06-12', 2),
(570, 374, '2020', '', '2020-06-12', 2),
(571, 373, '2020', '', '2020-06-12', 2),
(572, 375, '2020', '', '2020-06-12', 2),
(573, 376, '2020', '', '2020-06-12', 2),
(574, 378, '2020', '', '2020-06-12', 2),
(575, 377, '2020', '', '2020-06-12', 2),
(576, 377, '2029', '', '2020-06-12', 2),
(577, 381, '2020', '', '2020-06-17', 2),
(578, 380, '2020', '', '2020-06-17', 2),
(579, 379, '2020', '', '2020-06-17', 2),
(580, 206, '2029', '', '2020-06-30', 2),
(581, 397, '2020', '', '2020-07-02', 2),
(582, 396, '2020', '', '2020-07-02', 2),
(583, 395, '2020', '', '2020-07-02', 2),
(584, 393, '2020', '', '2020-07-02', 2),
(585, 392, '2020', '', '2020-07-02', 2),
(586, 391, '2020', '', '2020-07-02', 2),
(587, 391, '2029', '', '2020-07-02', 2),
(588, 390, '2020', '', '2020-07-02', 2),
(589, 389, '2020', '', '2020-07-02', 2),
(590, 388, '2020', '', '2020-07-02', 2),
(591, 387, '2020', '', '2020-07-02', 2),
(592, 386, '2020', '', '2020-07-02', 2),
(593, 385, '2020', '', '2020-07-02', 2),
(594, 384, '2020', '', '2020-07-02', 2),
(595, 383, '2020', '', '2020-07-02', 2),
(596, 382, '2020', '', '2020-07-06', 2),
(597, 399, '2020', '', '2020-08-25', 2),
(598, 397, '2021', '', '2021-06-16', 2),
(599, 396, '2021', '', '2021-06-16', 2),
(600, 395, '2021', '', '2021-06-16', 2),
(601, 394, '2021', '', '2021-06-16', 2),
(602, 393, '2021', '', '2021-06-16', 2),
(603, 392, '2021', '', '2021-06-16', 2),
(604, 391, '2021', '', '2021-06-16', 2),
(605, 390, '2021', '', '2021-06-16', 2),
(606, 389, '2021', '', '2021-06-16', 2),
(607, 388, '2021', '', '2021-06-16', 2),
(608, 387, '2021', '', '2021-06-16', 2),
(609, 386, '2021', '', '2021-06-16', 2),
(610, 385, '2021', '', '2021-06-16', 2),
(611, 384, '2021', '', '2021-06-16', 2),
(612, 383, '2021', '', '2021-06-16', 2),
(613, 382, '2021', '', '2021-06-16', 2),
(614, 381, '2021', '', '2021-06-16', 2),
(615, 380, '2021', '', '2021-06-16', 2),
(616, 379, '2021', '', '2021-06-16', 2),
(617, 378, '2021', '', '2021-06-16', 2),
(618, 377, '2021', '', '2021-06-16', 2),
(619, 376, '2021', '', '2021-06-16', 2),
(620, 375, '2021', '', '2021-06-16', 2),
(621, 374, '2021', '', '2021-06-16', 2),
(622, 373, '2021', '', '2021-06-16', 2),
(623, 372, '2021', '', '2021-06-16', 2),
(624, 371, '2021', '', '2021-06-16', 2),
(625, 370, '2021', '', '2021-06-16', 2),
(626, 369, '2021', '', '2021-06-16', 2),
(627, 368, '2021', '', '2021-06-16', 2),
(628, 367, '2021', '', '2021-06-16', 2),
(629, 366, '2021', '', '2021-06-16', 2),
(630, 365, '2021', '', '2021-06-16', 2),
(631, 364, '2021', '', '2021-06-16', 2),
(632, 363, '2021', '', '2021-06-16', 2),
(633, 362, '2021', '', '2021-06-16', 2),
(634, 361, '2021', '', '2021-06-16', 2),
(635, 360, '2021', '', '2021-06-16', 2),
(636, 359, '2021', '', '2021-06-16', 2),
(637, 358, '2021', '', '2021-06-16', 2),
(638, 357, '2021', '', '2021-06-16', 2),
(639, 355, '2021', '', '2021-06-16', 2),
(640, 354, '2021', '', '2021-06-16', 2),
(641, 353, '2021', '', '2021-06-16', 2),
(642, 352, '2021', '', '2021-06-16', 2),
(643, 351, '2021', '', '2021-06-16', 2),
(644, 350, '2021', '', '2021-06-16', 2),
(645, 349, '2021', '', '2021-06-16', 2),
(646, 348, '2021', '', '2021-06-16', 2),
(647, 347, '2021', '', '2021-06-16', 2),
(648, 346, '2021', '', '2021-06-16', 2),
(649, 344, '2021', '', '2021-06-16', 2),
(650, 343, '2021', '', '2021-06-16', 2),
(651, 342, '2021', '', '2021-06-16', 2),
(652, 341, '2021', '', '2021-06-16', 2),
(653, 340, '2021', '', '2021-06-16', 2),
(654, 339, '2021', '', '2021-06-16', 2),
(655, 338, '2021', '', '2021-06-16', 2),
(656, 337, '2021', '', '2021-06-16', 2),
(657, 336, '2021', '', '2021-06-16', 2),
(658, 335, '2021', '', '2021-06-16', 2),
(659, 334, '2021', '', '2021-06-16', 2),
(660, 333, '2021', '', '2021-06-16', 2),
(661, 331, '2021', '', '2021-06-16', 2),
(662, 330, '2021', '', '2021-06-16', 2),
(663, 329, '2021', '', '2021-06-16', 2),
(664, 328, '2021', '', '2021-06-16', 2),
(665, 327, '2021', '', '2021-06-16', 2),
(666, 326, '2021', '', '2021-06-16', 2),
(667, 325, '2021', '', '2021-06-16', 2),
(668, 324, '2021', '', '2021-06-16', 2),
(669, 323, '2021', '', '2021-06-16', 2),
(670, 322, '2021', '', '2021-06-16', 2),
(671, 321, '2021', '', '2021-06-16', 2),
(672, 320, '2021', '', '2021-06-16', 2),
(673, 319, '2021', '', '2021-06-16', 2),
(674, 318, '2021', '', '2021-06-16', 2),
(675, 317, '2021', '', '2021-06-16', 2),
(676, 316, '2021', '', '2021-06-16', 2),
(677, 315, '2021', '', '2021-06-16', 2),
(678, 313, '2021', '', '2021-06-16', 2),
(679, 312, '2021', '', '2021-06-16', 2),
(680, 311, '2021', '', '2021-06-16', 2),
(681, 310, '2021', '', '2021-06-16', 2),
(682, 309, '2021', '', '2021-06-16', 2),
(683, 308, '2021', '', '2021-06-16', 2),
(684, 306, '2021', '', '2021-06-16', 2),
(685, 305, '2021', '', '2021-06-16', 2),
(686, 304, '2021', '', '2021-06-16', 2),
(687, 303, '2021', '', '2021-06-16', 2),
(688, 302, '2021', '', '2021-06-16', 2),
(689, 301, '2021', '', '2021-06-16', 2),
(690, 300, '2021', '', '2021-06-16', 2),
(691, 299, '2021', '', '2021-06-16', 2),
(692, 298, '2021', '', '2021-06-16', 2),
(693, 297, '2021', '', '2021-06-16', 2),
(694, 296, '2021', '', '2021-06-16', 2),
(695, 295, '2021', '', '2021-06-16', 2),
(696, 294, '2021', '', '2021-06-16', 2),
(697, 293, '2021', '', '2021-06-16', 2),
(698, 292, '2021', '', '2021-06-16', 2),
(699, 291, '2021', '', '2021-06-16', 2),
(700, 290, '2021', '', '2021-06-16', 2),
(701, 289, '2021', '', '2021-06-16', 2),
(702, 288, '2021', '', '2021-06-16', 2),
(703, 287, '2021', '', '2021-06-16', 2),
(704, 286, '2021', '', '2021-06-16', 2),
(705, 285, '2021', '', '2021-06-16', 2),
(706, 284, '2021', '', '2021-06-16', 2),
(707, 283, '2021', '', '2021-06-16', 2),
(708, 282, '2021', '', '2021-06-16', 2),
(709, 281, '2021', '', '2021-06-16', 2),
(710, 280, '2021', '', '2021-06-16', 2),
(711, 279, '2021', '', '2021-06-16', 2),
(712, 278, '2021', '', '2021-06-16', 2),
(713, 277, '2021', '', '2021-06-16', 2),
(714, 276, '2021', '', '2021-06-16', 2),
(715, 275, '2021', '', '2021-06-16', 2),
(716, 274, '2021', '', '2021-06-16', 2),
(717, 273, '2021', '', '2021-06-16', 2),
(718, 272, '2021', '', '2021-06-16', 2),
(719, 271, '2021', '', '2021-06-16', 2),
(720, 270, '2021', '', '2021-06-16', 2),
(721, 269, '2021', '', '2021-06-16', 2),
(722, 268, '2021', '', '2021-06-16', 2),
(723, 267, '2021', '', '2021-06-16', 2),
(724, 266, '2021', '', '2021-06-16', 2),
(725, 261, '2021', '', '2021-06-16', 2),
(726, 260, '2021', '', '2021-06-16', 2),
(727, 259, '2021', '', '2021-06-16', 2),
(728, 258, '2021', '', '2021-06-16', 2),
(729, 257, '2021', '', '2021-06-16', 2),
(730, 256, '2021', '', '2021-06-16', 2),
(731, 255, '2021', '', '2021-06-16', 2),
(732, 254, '2021', '', '2021-06-16', 2),
(733, 253, '2021', '', '2021-06-16', 2),
(734, 252, '2021', '', '2021-06-16', 2),
(735, 251, '2021', '', '2021-06-16', 2),
(736, 250, '2021', '', '2021-06-16', 2),
(737, 249, '2021', '', '2021-06-16', 2),
(738, 248, '2021', '', '2021-06-16', 2),
(739, 247, '2021', '', '2021-06-16', 2),
(740, 246, '2021', '', '2021-06-16', 2),
(741, 244, '2021', '', '2021-06-16', 2),
(742, 243, '2021', '', '2021-06-16', 2),
(743, 242, '2021', '', '2021-06-16', 2),
(744, 241, '2021', '', '2021-06-16', 2),
(745, 240, '2021', '', '2021-06-16', 2),
(746, 239, '2021', '', '2021-06-16', 2),
(747, 238, '2021', '', '2021-06-16', 2),
(748, 237, '2021', '', '2021-06-16', 2),
(749, 236, '2021', '', '2021-06-16', 2),
(750, 235, '2021', '', '2021-06-16', 2),
(751, 234, '2021', '', '2021-06-16', 2),
(752, 233, '2021', '', '2021-06-16', 2),
(753, 232, '2021', '', '2021-06-16', 2),
(754, 231, '2021', '', '2021-06-16', 2),
(755, 230, '2021', '', '2021-06-16', 2),
(756, 229, '2021', '', '2021-06-16', 2),
(757, 228, '2021', '', '2021-06-16', 2),
(758, 227, '2021', '', '2021-06-16', 2),
(759, 226, '2021', '', '2021-06-16', 2),
(760, 225, '2021', '', '2021-06-16', 2),
(761, 224, '2021', '', '2021-06-16', 2),
(762, 223, '2021', '', '2021-06-16', 2),
(763, 222, '2021', '', '2021-06-16', 2),
(764, 221, '2021', '', '2021-06-16', 2),
(765, 220, '2021', '', '2021-06-16', 2),
(766, 219, '2021', '', '2021-06-16', 2),
(767, 218, '2021', '', '2021-06-16', 2),
(768, 217, '2021', '', '2021-06-16', 2),
(769, 216, '2021', '', '2021-06-16', 2),
(770, 215, '2021', '', '2021-06-16', 2),
(771, 214, '2021', '', '2021-06-16', 2),
(772, 213, '2021', '', '2021-06-16', 2),
(773, 212, '2021', '', '2021-06-16', 2),
(774, 211, '2021', '', '2021-06-16', 2),
(775, 210, '2021', '', '2021-06-16', 2),
(776, 209, '2021', '', '2021-06-16', 2),
(777, 208, '2021', '', '2021-06-16', 2),
(778, 207, '2021', '', '2021-06-16', 2),
(779, 206, '2021', '', '2021-06-16', 2),
(780, 205, '2021', '', '2021-06-16', 2),
(781, 204, '2021', '', '2021-06-16', 2),
(782, 203, '2021', '', '2021-06-16', 2),
(783, 202, '2021', '', '2021-06-16', 2),
(784, 201, '2021', '', '2021-06-16', 2),
(785, 200, '2021', '', '2021-06-16', 2),
(786, 199, '2021', '', '2021-06-16', 2),
(787, 198, '2021', '', '2021-06-20', 2),
(788, 197, '2021', '', '2021-06-20', 2),
(789, 196, '2021', '', '2021-06-20', 2),
(790, 195, '2021', '', '2021-06-20', 2),
(791, 194, '2021', '', '2021-06-20', 2),
(792, 193, '2021', '', '2021-06-20', 2),
(793, 192, '2021', '', '2021-06-20', 2),
(794, 191, '2021', '', '2021-06-20', 2),
(795, 190, '2021', '', '2021-06-20', 2),
(796, 185, '2021', '', '2021-06-20', 2),
(797, 184, '2021', '', '2021-06-20', 2),
(798, 183, '2021', '', '2021-06-20', 2),
(799, 182, '2021', '', '2021-06-20', 2),
(800, 181, '2021', '', '2021-06-20', 2),
(801, 180, '2021', '', '2021-06-20', 2),
(802, 179, '2021', '', '2021-06-20', 2),
(803, 178, '2021', '', '2021-06-20', 2),
(804, 177, '2021', '', '2021-06-20', 2),
(805, 176, '2021', '', '2021-06-20', 2),
(806, 175, '2021', '', '2021-06-20', 2),
(807, 174, '2021', '', '2021-06-20', 2),
(808, 170, '2021', '', '2021-06-20', 2),
(809, 169, '2021', '', '2021-06-20', 2),
(810, 168, '2021', '', '2021-06-20', 2),
(811, 167, '2021', '', '2021-06-20', 2),
(812, 166, '2021', '', '2021-06-20', 2),
(813, 165, '2021', '', '2021-06-20', 2),
(814, 164, '2021', '', '2021-06-20', 2),
(815, 163, '2021', '', '2021-06-20', 2),
(816, 162, '2021', '', '2021-06-20', 2),
(817, 161, '2021', '', '2021-06-20', 2),
(818, 160, '2021', '', '2021-06-20', 2),
(819, 159, '2021', '', '2021-06-20', 2),
(820, 158, '2021', '', '2021-06-20', 2),
(821, 157, '2021', '', '2021-06-20', 2),
(822, 156, '2021', '', '2021-06-20', 2),
(823, 134, '2021', '', '2021-06-20', 2),
(824, 133, '2021', '', '2021-06-20', 2),
(825, 132, '2021', '', '2021-06-20', 2),
(826, 131, '2021', '', '2021-06-20', 2),
(827, 130, '2021', '', '2021-06-20', 2),
(828, 129, '2021', '', '2021-06-20', 2),
(829, 128, '2021', '', '2021-06-20', 2),
(830, 127, '2021', '', '2021-06-20', 2),
(831, 126, '2021', '', '2021-06-20', 2),
(832, 125, '2021', '', '2021-06-20', 2),
(833, 125, '2029', '', '2021-06-20', 2),
(834, 124, '2021', '', '2021-06-20', 2),
(835, 119, '2021', '', '2021-06-20', 2),
(836, 118, '2021', '', '2021-06-20', 2),
(837, 117, '2021', '', '2021-06-20', 2),
(838, 116, '2021', '', '2021-06-20', 2),
(839, 115, '2021', '', '2021-06-20', 2),
(840, 114, '2021', '', '2021-06-20', 2),
(841, 113, '2021', '', '2021-06-20', 2),
(842, 112, '2021', '', '2021-06-20', 2),
(843, 111, '2021', '', '2021-06-20', 2),
(844, 110, '2021', '', '2021-06-20', 2),
(845, 107, '2021', '', '2021-06-20', 2),
(846, 106, '2021', '', '2021-06-20', 2),
(847, 105, '2021', '', '2021-06-20', 2),
(848, 104, '2021', '', '2021-06-20', 2),
(849, 102, '2021', '', '2021-06-20', 2),
(850, 100, '2021', '', '2021-06-20', 2),
(851, 98, '2021', '', '2021-06-20', 2),
(852, 96, '2021', '', '2021-06-20', 2),
(853, 90, '2021', '', '2021-06-20', 2),
(854, 89, '2021', '', '2021-06-20', 2),
(855, 88, '2021', '', '2021-06-20', 2),
(856, 87, '2021', '', '2021-06-20', 2),
(857, 86, '2021', '', '2021-06-20', 2),
(858, 85, '2021', '', '2021-06-20', 2),
(859, 84, '2021', '', '2021-06-20', 2),
(860, 83, '2021', '', '2021-06-20', 2),
(861, 82, '2021', '', '2021-06-20', 2),
(862, 81, '2021', '', '2021-06-20', 2),
(863, 80, '2021', '', '2021-06-20', 2),
(864, 79, '2021', '', '2021-06-20', 2),
(865, 78, '2021', '', '2021-06-20', 2),
(866, 77, '2021', '', '2021-06-20', 2),
(867, 59, '2021', '', '2021-06-20', 2),
(868, 57, '2021', '', '2021-06-20', 2),
(869, 56, '2021', '', '2021-06-20', 2),
(870, 55, '2021', '', '2021-06-20', 2),
(871, 54, '2021', '', '2021-06-20', 2),
(872, 53, '2021', '', '2021-06-20', 2),
(873, 52, '2021', '', '2021-06-20', 2),
(874, 51, '2021', '', '2021-06-20', 2),
(875, 50, '2021', '', '2021-06-20', 2),
(876, 49, '2021', '', '2021-06-20', 2),
(877, 48, '2021', '', '2021-06-20', 2),
(878, 47, '2021', '', '2021-06-20', 2),
(879, 46, '2021', '', '2021-06-20', 2),
(880, 45, '2021', '', '2021-06-20', 2),
(881, 44, '2021', '', '2021-06-20', 2),
(882, 43, '2021', '', '2021-06-20', 2),
(883, 42, '2021', '', '2021-06-20', 2),
(884, 41, '2021', '', '2021-06-20', 2),
(885, 40, '2021', '', '2021-06-20', 2),
(886, 39, '2021', '', '2021-06-20', 2),
(887, 38, '2021', '', '2021-06-20', 2),
(888, 37, '2021', '', '2021-06-20', 2),
(889, 36, '2021', '', '2021-06-20', 2),
(890, 35, '2021', '', '2021-06-20', 2),
(891, 34, '2021', '', '2021-06-20', 2),
(892, 33, '2021', '', '2021-06-20', 2),
(893, 32, '2021', '', '2021-06-20', 2),
(894, 33, '2028', '', '2021-06-20', 2),
(895, 31, '2021', '', '2021-06-20', 2),
(896, 30, '2021', '', '2021-06-20', 2),
(897, 29, '2021', '', '2021-06-20', 2),
(898, 28, '2021', '', '2021-06-20', 2),
(899, 27, '2021', '', '2021-06-20', 2),
(900, 26, '2021', '', '2021-06-20', 2),
(901, 25, '2021', '', '2021-06-20', 2),
(902, 24, '2021', '', '2021-06-20', 2),
(903, 23, '2021', '', '2021-06-20', 2),
(904, 22, '2021', '', '2021-06-20', 2),
(905, 21, '2021', '', '2021-06-20', 2),
(906, 20, '2021', '', '2021-06-20', 2),
(907, 19, '2021', '', '2021-06-20', 2),
(908, 18, '2021', '', '2021-06-20', 2),
(909, 17, '2021', '', '2021-06-20', 2),
(910, 16, '2021', '', '2021-06-20', 2),
(911, 15, '2021', '', '2021-06-20', 2),
(912, 14, '2021', '', '2021-06-20', 2),
(913, 419, '2021', '', '2021-06-20', 2),
(914, 418, '2021', '', '2021-06-20', 2),
(915, 417, '2021', '', '2021-06-20', 2),
(916, 416, '2021', '', '2021-06-20', 2),
(917, 413, '2021', '', '2021-06-20', 2),
(918, 412, '2021', '', '2021-06-20', 2),
(919, 411, '2021', '', '2021-06-20', 2),
(920, 410, '2021', '', '2021-06-20', 2),
(921, 409, '2021', '', '2021-06-20', 2),
(922, 408, '2021', '', '2021-06-20', 2),
(923, 407, '2021', '', '2021-06-20', 2),
(924, 406, '2021', '', '2021-06-20', 2),
(925, 405, '2021', '', '2021-06-20', 2),
(926, 404, '2021', '', '2021-06-20', 2),
(927, 403, '2021', '', '2021-06-20', 2),
(928, 402, '2021', '', '2021-06-20', 2),
(929, 401, '2021', '', '2021-06-20', 2),
(930, 400, '2021', '', '2021-06-20', 2),
(931, 438, '2021', '', '2021-06-20', 2),
(932, 437, '2021', '', '2021-06-20', 2),
(933, 436, '2021', '', '2021-06-20', 2),
(934, 435, '2021', '', '2021-06-20', 2),
(935, 434, '2021', '', '2021-06-20', 2),
(936, 433, '2021', '', '2021-06-20', 2),
(937, 432, '2021', '', '2021-06-20', 2),
(938, 431, '2021', '', '2021-06-20', 2),
(939, 430, '2021', '', '2021-06-20', 2),
(940, 429, '2021', '', '2021-06-20', 2),
(941, 428, '2021', '', '2021-06-20', 2),
(942, 427, '2021', '', '2021-06-20', 2),
(943, 426, '2021', '', '2021-06-20', 2),
(944, 425, '2021', '', '2021-06-20', 2),
(945, 424, '2021', '', '2021-06-20', 2),
(946, 423, '2021', '', '2021-06-20', 2),
(947, 422, '2021', '', '2021-06-20', 2),
(948, 421, '2021', '', '2021-06-20', 2),
(949, 420, '2021', '', '2021-06-20', 2),
(950, 446, '2021', '', '2021-06-20', 2),
(951, 445, '2021', '', '2021-06-20', 2),
(952, 444, '2021', '', '2021-06-20', 2),
(953, 443, '2021', '', '2021-06-20', 2),
(954, 442, '2021', '', '2021-06-20', 2),
(955, 441, '2021', '', '2021-06-20', 2),
(956, 440, '2021', '', '2021-06-20', 2),
(957, 439, '2021', '', '2021-06-20', 2),
(958, 447, '2021', '', '2021-06-20', 2),
(959, 449, '2021', '', '2021-06-20', 2),
(960, 448, '2021', '', '2021-06-20', 2),
(961, 464, '2021', '', '2021-06-28', 2),
(962, 463, '2021', '', '2021-06-28', 2),
(963, 461, '2021', '', '2021-06-28', 2),
(964, 460, '2021', '', '2021-06-28', 2),
(965, 459, '2021', '', '2021-06-28', 2),
(966, 458, '2021', '', '2021-06-28', 2),
(967, 457, '2021', '', '2021-06-28', 2),
(968, 456, '2021', '', '2021-06-28', 2),
(969, 455, '2021', '', '2021-06-28', 2),
(970, 454, '2021', '', '2021-06-28', 2),
(971, 453, '2021', '', '2021-06-28', 2),
(972, 452, '2021', '', '2021-06-28', 2),
(973, 451, '2021', '', '2021-06-28', 2),
(974, 450, '2021', '', '2021-06-28', 2),
(975, 399, '2021', '', '2021-06-29', 2),
(976, 465, '2021', '', '2021-06-29', 2),
(977, 465, '2029', '', '2021-07-23', 2),
(978, 491, '2021', '', '2021-09-08', 2),
(979, 490, '2021', '', '2021-09-08', 2),
(980, 489, '2021', '', '2021-09-08', 2),
(981, 488, '2021', '', '2021-09-08', 2),
(982, 487, '2021', '', '2021-09-08', 2),
(983, 486, '2021', '', '2021-09-08', 2),
(984, 485, '2021', '', '2021-09-08', 2),
(985, 484, '2021', '', '2021-09-08', 2),
(986, 483, '2021', '', '2021-09-08', 2),
(987, 482, '2021', '', '2021-09-08', 2),
(988, 481, '2021', '', '2021-09-08', 2),
(989, 480, '2021', '', '2021-09-08', 2),
(990, 479, '2021', '', '2021-09-08', 2),
(991, 478, '2021', '', '2021-09-08', 2),
(992, 477, '2021', '', '2021-09-08', 2),
(993, 476, '2021', '', '2021-09-08', 2),
(994, 475, '2021', '', '2021-09-08', 2),
(995, 474, '2021', '', '2021-09-08', 2),
(996, 473, '2021', '', '2021-09-08', 2),
(997, 472, '2021', '', '2021-09-08', 2),
(998, 471, '2021', '', '2021-09-08', 2),
(999, 470, '2021', '', '2021-09-08', 2),
(1000, 469, '2021', '', '2021-09-08', 2),
(1001, 468, '2021', '', '2021-09-08', 2),
(1002, 467, '2021', '', '2021-09-08', 2),
(1003, 466, '2021', '', '2021-09-08', 2),
(1004, 492, '2021', '', '2021-09-08', 2),
(1005, 492, '2029', '', '2021-09-08', 2),
(1006, 492, '2028', '', '2021-09-08', 2),
(1007, 479, '2029', '', '2021-09-08', 2),
(1008, 489, '2020', '', '2021-09-09', 2),
(1009, 491, '2020', '', '2021-09-09', 2),
(1010, 491, '2029', '', '2021-09-09', 2),
(1011, 494, '2021', '', '2021-09-21', 2),
(1012, 493, '2021', '', '2021-09-21', 2),
(1013, 503, '2021', '', '2021-09-24', 2),
(1014, 502, '2021', '', '2021-09-24', 2),
(1015, 501, '2021', '', '2021-09-24', 2),
(1016, 500, '2021', '', '2021-09-24', 2),
(1017, 499, '2021', '', '2021-09-24', 2),
(1018, 498, '2021', '', '2021-09-24', 2),
(1019, 497, '2021', '', '2021-09-24', 2),
(1020, 496, '2021', '', '2021-09-24', 2),
(1021, 495, '2021', '', '2021-09-24', 2),
(1022, 503, '2020', '', '2022-03-22', 2);

-- --------------------------------------------------------

--
-- Table structure for table `tb_user`
--

CREATE TABLE `tb_user` (
  `idUser` int(11) NOT NULL,
  `username` varchar(100) NOT NULL,
  `password` varchar(15) NOT NULL
) ENGINE=InnoDB DEFAULT CHARSET=latin1;

--
-- Dumping data for table `tb_user`
--

INSERT INTO `tb_user` (`idUser`, `username`, `password`) VALUES
(1, 'admin', 'admin'),
(2, 'karyawan', 'karyawan');

-- --------------------------------------------------------

--
-- Stand-in structure for view `vwdesa`
-- (See below for the actual view)
--
CREATE TABLE `vwdesa` (
`idDesa` int(11)
,`namaDesa` varchar(50)
,`idKecamatan` int(11)
,`namaKecamatan` varchar(35)
,`jarak` varchar(10)
);

-- --------------------------------------------------------

--
-- Stand-in structure for view `vwmenara`
-- (See below for the actual view)
--
CREATE TABLE `vwmenara` (
`idMenara` int(11)
,`namaMenara` varchar(150)
,`alamatMenara` varchar(350)
,`idDesa` int(11)
,`idKecamatan` int(11)
,`tinggiMenara` double
,`zonasi` varchar(75)
,`jenisMenara` varchar(20)
,`pole` varchar(13)
,`tarifRetribusi` double
,`namaDesa` varchar(50)
,`namaKecamatan` varchar(35)
,`jarak` varchar(10)
);

-- --------------------------------------------------------

--
-- Stand-in structure for view `vwskrd`
-- (See below for the actual view)
--
CREATE TABLE `vwskrd` (
`idSkrd` int(11)
,`idMenara` int(11)
,`tahun` varchar(4)
,`nomorSkrd` varchar(35)
,`tanggal` date
,`idPejabat` int(11)
,`namaMenara` varchar(150)
,`alamatMenara` varchar(350)
,`idDesa` int(11)
,`idKecamatan` int(11)
,`tinggiMenara` double
,`zonasi` varchar(75)
,`jenisMenara` varchar(20)
,`tarifretribusi` double
,`namaDesa` varchar(50)
,`namaKecamatan` varchar(35)
,`jarak` varchar(10)
,`jabatan` varchar(150)
,`namaPejabat` varchar(75)
,`nip` varchar(22)
);

-- --------------------------------------------------------

--
-- Structure for view `vwdesa`
--
DROP TABLE IF EXISTS `vwdesa`;

CREATE ALGORITHM=UNDEFINED DEFINER=`root`@`localhost` SQL SECURITY DEFINER VIEW `vwdesa`  AS SELECT `tb_desa`.`idDesa` AS `idDesa`, `tb_desa`.`namaDesa` AS `namaDesa`, `tb_desa`.`idKecamatan` AS `idKecamatan`, `tb_kecamatan`.`namaKecamatan` AS `namaKecamatan`, `tb_kecamatan`.`jarak` AS `jarak` FROM (`tb_desa` join `tb_kecamatan`) WHERE (`tb_kecamatan`.`idKecamatan` = `tb_desa`.`idKecamatan`) ;

-- --------------------------------------------------------

--
-- Structure for view `vwmenara`
--
DROP TABLE IF EXISTS `vwmenara`;

CREATE ALGORITHM=UNDEFINED DEFINER=`root`@`localhost` SQL SECURITY DEFINER VIEW `vwmenara`  AS SELECT `tb_menara`.`idMenara` AS `idMenara`, `tb_menara`.`namaMenara` AS `namaMenara`, `tb_menara`.`alamatMenara` AS `alamatMenara`, `tb_menara`.`idDesa` AS `idDesa`, `tb_kecamatan`.`idKecamatan` AS `idKecamatan`, `tb_menara`.`tinggiMenara` AS `tinggiMenara`, `tb_menara`.`zonasi` AS `zonasi`, `tb_menara`.`jenisMenara` AS `jenisMenara`, `tb_menara`.`pole` AS `pole`, `tb_menara`.`tarifRetribusi` AS `tarifRetribusi`, `tb_desa`.`namaDesa` AS `namaDesa`, `tb_kecamatan`.`namaKecamatan` AS `namaKecamatan`, `tb_kecamatan`.`jarak` AS `jarak` FROM ((`tb_menara` join `tb_desa`) join `tb_kecamatan`) WHERE ((`tb_kecamatan`.`idKecamatan` = `tb_desa`.`idKecamatan`) AND (`tb_desa`.`idDesa` = `tb_menara`.`idDesa`)) ;

-- --------------------------------------------------------

--
-- Structure for view `vwskrd`
--
DROP TABLE IF EXISTS `vwskrd`;

CREATE ALGORITHM=UNDEFINED DEFINER=`root`@`localhost` SQL SECURITY DEFINER VIEW `vwskrd`  AS SELECT `s`.`idSkrd` AS `idSkrd`, `s`.`idMenara` AS `idMenara`, `s`.`tahun` AS `tahun`, `s`.`nomorSkrd` AS `nomorSkrd`, `s`.`tanggal` AS `tanggal`, `s`.`idPejabat` AS `idPejabat`, `m`.`namaMenara` AS `namaMenara`, `m`.`alamatMenara` AS `alamatMenara`, `m`.`idDesa` AS `idDesa`, `m`.`idKecamatan` AS `idKecamatan`, `m`.`tinggiMenara` AS `tinggiMenara`, `m`.`zonasi` AS `zonasi`, `m`.`jenisMenara` AS `jenisMenara`, `m`.`tarifRetribusi` AS `tarifretribusi`, `m`.`namaDesa` AS `namaDesa`, `m`.`namaKecamatan` AS `namaKecamatan`, `m`.`jarak` AS `jarak`, `p`.`jabatan` AS `jabatan`, `p`.`namaPejabat` AS `namaPejabat`, `p`.`nip` AS `nip` FROM (((`tb_skrd` `s` left join `vwmenara` `m` on((`s`.`idMenara` = `m`.`idMenara`))) left join `vwdesa` `d` on((`m`.`idDesa` = `d`.`idDesa`))) join `tb_pejabat` `p` on((`s`.`idPejabat` = `p`.`idPejabat`))) ;

--
-- Indexes for dumped tables
--

--
-- Indexes for table `tb_desa`
--
ALTER TABLE `tb_desa`
  ADD PRIMARY KEY (`idDesa`);

--
-- Indexes for table `tb_kecamatan`
--
ALTER TABLE `tb_kecamatan`
  ADD PRIMARY KEY (`idKecamatan`);

--
-- Indexes for table `tb_menara`
--
ALTER TABLE `tb_menara`
  ADD PRIMARY KEY (`idMenara`);

--
-- Indexes for table `tb_pejabat`
--
ALTER TABLE `tb_pejabat`
  ADD PRIMARY KEY (`idPejabat`);

--
-- Indexes for table `tb_skrd`
--
ALTER TABLE `tb_skrd`
  ADD PRIMARY KEY (`idSkrd`);

--
-- Indexes for table `tb_user`
--
ALTER TABLE `tb_user`
  ADD PRIMARY KEY (`idUser`);

--
-- AUTO_INCREMENT for dumped tables
--

--
-- AUTO_INCREMENT for table `tb_desa`
--
ALTER TABLE `tb_desa`
  MODIFY `idDesa` int(11) NOT NULL AUTO_INCREMENT, AUTO_INCREMENT=289;

--
-- AUTO_INCREMENT for table `tb_kecamatan`
--
ALTER TABLE `tb_kecamatan`
  MODIFY `idKecamatan` int(11) NOT NULL AUTO_INCREMENT, AUTO_INCREMENT=22;

--
-- AUTO_INCREMENT for table `tb_menara`
--
ALTER TABLE `tb_menara`
  MODIFY `idMenara` int(11) NOT NULL AUTO_INCREMENT, AUTO_INCREMENT=507;

--
-- AUTO_INCREMENT for table `tb_pejabat`
--
ALTER TABLE `tb_pejabat`
  MODIFY `idPejabat` int(11) NOT NULL AUTO_INCREMENT, AUTO_INCREMENT=4;

--
-- AUTO_INCREMENT for table `tb_skrd`
--
ALTER TABLE `tb_skrd`
  MODIFY `idSkrd` int(11) NOT NULL AUTO_INCREMENT, AUTO_INCREMENT=1026;

--
-- AUTO_INCREMENT for table `tb_user`
--
ALTER TABLE `tb_user`
  MODIFY `idUser` int(11) NOT NULL AUTO_INCREMENT, AUTO_INCREMENT=3;
COMMIT;

/*!40101 SET CHARACTER_SET_CLIENT=@OLD_CHARACTER_SET_CLIENT */;
/*!40101 SET CHARACTER_SET_RESULTS=@OLD_CHARACTER_SET_RESULTS */;
/*!40101 SET COLLATION_CONNECTION=@OLD_COLLATION_CONNECTION */;
